person_id,season,contract_type,total_value,guaranteed_value,current_salary,cap_hit,years_remaining,as_of_date,source,source_url,salary,guaranteed,player_option,team_option,early_termination_option
1630532,2026-27,NBA contract,,,41754636,41754636,4,2026-08-02,HoopsHype public team salary table,https://www.hoopshype.com/salaries/teams/orlando-magic/19/,41754636,,0,0,0
1630532,2027-28,NBA contract,,,41754636,41754636,4,2026-08-02,HoopsHype public team salary table,https://www.hoopshype.com/salaries/teams/orlando-magic/19/,44847572,,0,0,0
1630532,2028-29,NBA contract,,,41754636,41754636,4,2026-08-02,HoopsHype public team salary table,https://www.hoopshype.com/salaries/teams/orlando-magic/19/,47940508,,0,0,0
1630532,2029-30,NBA contract,,,41754636,41754636,4,2026-08-02,HoopsHype public team salary table,https://www.hoopshype.com/salaries/teams/orlando-magic/19/,51033444,,0,0,0
1631094,2026-27,NBA contract,,,41240250,41240250,4,2026-08-02,HoopsHype public team salary table,https://www.hoopshype.com/salaries/teams/orlando-magic/19/,41240250,,0,0,0
1631094,2027-28,NBA contract,,,41240250,41240250,4,2026-08-02,HoopsHype public team salary table,https://www.hoopshype.com/salaries/teams/orlando-magic/19/,44539470,,0,0,0
1631094,2028-29,NBA contract,,,41240250,41240250,4,2026-08-02,HoopsHype public team salary table,https://www.hoopshype.com/salaries/teams/orlando-magic/19/,47838690,,0,0,0
1631094,2029-30,NBA contract,,,41240250,41240250,4,2026-08-02,HoopsHype public team salary table,https://www.hoopshype.com/salaries/teams/orlando-magic/19/,51137910,,0,0,0
1630217,2026-27,NBA contract,,,39446090,39446090,3,2026-08-02,HoopsHype public team salary table,https://www.hoopshype.com/salaries/teams/orlando-magic/19/,39446090,,0,0,0
1630217,2027-28,NBA contract,,,39446090,39446090,3,2026-08-02,HoopsHype public team salary table,https://www.hoopshype.com/salaries/teams/orlando-magic/19/,42166510,,0,0,0
1630217,2028-29,NBA contract,,,39446090,39446090,3,2026-08-02,HoopsHype public team salary table,https://www.hoopshype.com/salaries/teams/orlando-magic/19/,44886930,,0,0,0
1630591,2026-27,NBA contract,,,32400000,32400000,4,2026-08-02,HoopsHype public team salary table,https://www.hoopshype.com/salaries/teams/orlando-magic/19/,32400000,,0,0,0
1630591,2027-28,NBA contract,,,32400000,32400000,4,2026-08-02,HoopsHype public team salary table,https://www.hoopshype.com/salaries/teams/orlando-magic/19/,29600000,,0,0,0
1630591,2028-29,NBA contract,,,32400000,32400000,4,2026-08-02,HoopsHype public team salary table,https://www.hoopshype.com/salaries/teams/orlando-magic/19/,26800000,,0,0,0
1630591,2029-30,NBA contract,,,32400000,32400000,4,2026-08-02,HoopsHype public team salary table,https://www.hoopshype.com/salaries/teams/orlando-magic/19/,26700000,,0,0,0
1628371,2026-27,NBA contract,,,11524115,11524115,1,2026-08-02,HoopsHype public team salary table,https://www.hoopshype.com/salaries/teams/orlando-magic/19/,11524115,,0,0,0
1641710,2026-27,NBA contract,,,10105996,10105996,2,2026-08-02,HoopsHype public team salary table,https://www.hoopshype.com/salaries/teams/orlando-magic/19/,10105996,,0,0,0
1641710,2027-28,NBA contract,,,10105996,10105996,2,2026-08-02,HoopsHype public team salary table,https://www.hoopshype.com/salaries/teams/orlando-magic/19/,14491998,,0,0,0
1629048,2026-27,NBA contract,,,7608696,7608696,1,2026-08-02,HoopsHype public team salary table,https://www.hoopshype.com/salaries/teams/orlando-magic/19/,7608696,,0,0,0
1641783,2026-27,NBA contract,,,3991200,3991200,3,2026-08-02,HoopsHype public team salary table,https://www.hoopshype.com/salaries/teams/orlando-magic/19/,3991200,,0,0,0
1641783,2027-28,NBA contract,,,3991200,3991200,3,2026-08-02,HoopsHype public team salary table,https://www.hoopshype.com/salaries/teams/orlando-magic/19/,6138466,,0,1,0
1641783,2028-29,NBA contract,,,3991200,3991200,3,2026-08-02,HoopsHype public team salary table,https://www.hoopshype.com/salaries/teams/orlando-magic/19/,9324329,,0,0,0
1627750,2026-27,NBA contract,,,50105628,50105628,3,2026-08-02,HoopsHype public team salary table,https://www.hoopshype.com/salaries/teams/denver-nuggets/7/,50105628,,0,0,0
1627750,2027-28,NBA contract,,,50105628,50105628,3,2026-08-02,HoopsHype public team salary table,https://www.hoopshype.com/salaries/teams/denver-nuggets/7/,53817156,,0,0,0
1627750,2028-29,NBA contract,,,50105628,50105628,3,2026-08-02,HoopsHype public team salary table,https://www.hoopshype.com/salaries/teams/denver-nuggets/7/,57528684,,0,0,0
203932,2026-27,NBA contract,,,31978037,31978037,3,2026-08-02,HoopsHype public team salary table,https://www.hoopshype.com/salaries/teams/denver-nuggets/7/,31978037,,0,0,0
203932,2027-28,NBA contract,,,31978037,31978037,3,2026-08-02,HoopsHype public team salary table,https://www.hoopshype.com/salaries/teams/denver-nuggets/7/,34536280,,0,0,0
203932,2028-29,NBA contract,,,31978037,31978037,3,2026-08-02,HoopsHype public team salary table,https://www.hoopshype.com/salaries/teams/denver-nuggets/7/,37094523,,1,0,0
1629661,2026-27,NBA contract,,,23062500,23062500,1,2026-08-02,HoopsHype public team salary table,https://www.hoopshype.com/salaries/teams/denver-nuggets/7/,23062500,,0,0,0
1631128,2026-27,NBA contract,,,21551726,21551726,4,2026-08-02,HoopsHype public team salary table,https://www.hoopshype.com/salaries/teams/denver-nuggets/7/,21551726,,0,0,0
1631128,2027-28,NBA contract,,,21551726,21551726,4,2026-08-02,HoopsHype public team salary table,https://www.hoopshype.com/salaries/teams/denver-nuggets/7/,23275863,,0,0,0
1631128,2028-29,NBA contract,,,21551726,21551726,4,2026-08-02,HoopsHype public team salary table,https://www.hoopshype.com/salaries/teams/denver-nuggets/7/,25000000,,0,0,0
1631128,2029-30,NBA contract,,,21551726,21551726,4,2026-08-02,HoopsHype public team salary table,https://www.hoopshype.com/salaries/teams/denver-nuggets/7/,26724137,,0,0,0
1630192,2026-27,NBA contract,,,7466667,7466667,2,2026-08-02,HoopsHype public team salary table,https://www.hoopshype.com/salaries/teams/denver-nuggets/7/,7466667,,0,0,0
1630192,2027-28,NBA contract,,,7466667,7466667,2,2026-08-02,HoopsHype public team salary table,https://www.hoopshype.com/salaries/teams/denver-nuggets/7/,7466667,,1,0,0
1642461,2026-27,NBA contract,,,6000000,6000000,2,2026-08-02,HoopsHype public team salary table,https://www.hoopshype.com/salaries/teams/denver-nuggets/7/,6000000,,0,0,0
1642461,2027-28,NBA contract,,,6000000,6000000,2,2026-08-02,HoopsHype public team salary table,https://www.hoopshype.com/salaries/teams/denver-nuggets/7/,5750000,,0,0,0
1631124,2026-27,NBA contract,,,4826838,4826838,2,2026-08-02,HoopsHype public team salary table,https://www.hoopshype.com/salaries/teams/denver-nuggets/7/,4826838,,0,0,0
1631124,2027-28,NBA contract,,,4826838,4826838,2,2026-08-02,HoopsHype public team salary table,https://www.hoopshype.com/salaries/teams/denver-nuggets/7/,7722940,,0,0,0
1626145,2026-27,NBA contract,,,3876529,3876529,1,2026-08-02,HoopsHype public team salary table,https://www.hoopshype.com/salaries/teams/denver-nuggets/7/,3876529,,0,0,0
1630162,2026-27,NBA contract,,,48924624,48924624,3,2026-08-02,HoopsHype public team salary table,https://www.hoopshype.com/salaries/teams/minnesota-timberwolves/16/,48924624,,0,0,0
1630162,2027-28,NBA contract,,,48924624,48924624,3,2026-08-02,HoopsHype public team salary table,https://www.hoopshype.com/salaries/teams/minnesota-timberwolves/16/,52298736,,0,0,0
1630162,2028-29,NBA contract,,,48924624,48924624,3,2026-08-02,HoopsHype public team salary table,https://www.hoopshype.com/salaries/teams/minnesota-timberwolves/16/,55672848,,0,0,0
1630163,2026-27,NBA contract,,,40770520,40770520,3,2026-08-02,HoopsHype public team salary table,https://www.hoopshype.com/salaries/teams/minnesota-timberwolves/16/,40770520,,0,0,0
1630163,2027-28,NBA contract,,,40770520,40770520,3,2026-08-02,HoopsHype public team salary table,https://www.hoopshype.com/salaries/teams/minnesota-timberwolves/16/,43582280,,0,0,0
1630163,2028-29,NBA contract,,,40770520,40770520,3,2026-08-02,HoopsHype public team salary table,https://www.hoopshype.com/salaries/teams/minnesota-timberwolves/16/,46394040,,0,0,0
203497,2026-27,NBA contract,,,36500000,36500000,2,2026-08-02,HoopsHype public team salary table,https://www.hoopshype.com/salaries/teams/minnesota-timberwolves/16/,36500000,,0,0,0
203497,2027-28,NBA contract,,,36500000,36500000,2,2026-08-02,HoopsHype public team salary table,https://www.hoopshype.com/salaries/teams/minnesota-timberwolves/16/,38000000,,1,0,0
1630183,2026-27,NBA contract,,,25750001,25750001,3,2026-08-02,HoopsHype public team salary table,https://www.hoopshype.com/salaries/teams/minnesota-timberwolves/16/,25750001,,0,0,0
1630183,2027-28,NBA contract,,,25750001,25750001,3,2026-08-02,HoopsHype public team salary table,https://www.hoopshype.com/salaries/teams/minnesota-timberwolves/16/,28006898,,0,0,0
1630183,2028-29,NBA contract,,,25750001,25750001,3,2026-08-02,HoopsHype public team salary table,https://www.hoopshype.com/salaries/teams/minnesota-timberwolves/16/,29813790,,0,0,0
1630245,2026-27,NBA contract,,,19310345,19310345,4,2026-08-02,HoopsHype public team salary table,https://www.hoopshype.com/salaries/teams/minnesota-timberwolves/16/,19310345,,0,0,0
1630245,2027-28,NBA contract,,,19310345,19310345,4,2026-08-02,HoopsHype public team salary table,https://www.hoopshype.com/salaries/teams/minnesota-timberwolves/16/,20855173,,0,0,0
1630245,2028-29,NBA contract,,,19310345,19310345,4,2026-08-02,HoopsHype public team salary table,https://www.hoopshype.com/salaries/teams/minnesota-timberwolves/16/,22400001,,0,0,0
1630245,2029-30,NBA contract,,,19310345,19310345,4,2026-08-02,HoopsHype public team salary table,https://www.hoopshype.com/salaries/teams/minnesota-timberwolves/16/,23944829,,0,0,0
1630182,2026-27,NBA contract,,,14679012,14679012,1,2026-08-02,HoopsHype public team salary table,https://www.hoopshype.com/salaries/teams/minnesota-timberwolves/16/,14679012,,0,0,0
1628978,2026-27,NBA contract,,,12535000,12535000,1,2026-08-02,HoopsHype public team salary table,https://www.hoopshype.com/salaries/teams/minnesota-timberwolves/16/,12535000,,0,0,0
1626168,2026-27,NBA contract,,,3876529,3876529,1,2026-08-02,HoopsHype public team salary table,https://www.hoopshype.com/salaries/teams/minnesota-timberwolves/16/,3876529,,0,0,0
1641740,2026-27,NBA contract,,,3086420,3086420,3,2026-08-02,HoopsHype public team salary table,https://www.hoopshype.com/salaries/teams/minnesota-timberwolves/16/,3086420,,0,0,0
1641740,2027-28,NBA contract,,,3086420,3086420,3,2026-08-02,HoopsHype public team salary table,https://www.hoopshype.com/salaries/teams/minnesota-timberwolves/16/,3333334,,0,0,0
1641740,2028-29,NBA contract,,,3086420,3086420,3,2026-08-02,HoopsHype public team salary table,https://www.hoopshype.com/salaries/teams/minnesota-timberwolves/16/,3580246,,0,0,0
1626164,2026-27,NBA contract,,,57078728,57078728,4,2026-08-02,HoopsHype public team salary table,https://www.hoopshype.com/salaries/teams/phoenix-suns/21/,57078728,,0,0,0
1626164,2027-28,NBA contract,,,57078728,57078728,4,2026-08-02,HoopsHype public team salary table,https://www.hoopshype.com/salaries/teams/phoenix-suns/21/,61015192,,0,0,0
1626164,2028-29,NBA contract,,,57078728,57078728,4,2026-08-02,HoopsHype public team salary table,https://www.hoopshype.com/salaries/teams/phoenix-suns/21/,72042305,,0,0,0
1626164,2029-30,NBA contract,,,57078728,57078728,4,2026-08-02,HoopsHype public team salary table,https://www.hoopshype.com/salaries/teams/phoenix-suns/21/,77805689,,1,0,0
1630224,2026-27,NBA contract,,,36251166,36251166,2,2026-08-02,HoopsHype public team salary table,https://www.hoopshype.com/salaries/teams/phoenix-suns/21/,36251166,,0,0,0
1630224,2027-28,NBA contract,,,36251166,36251166,2,2026-08-02,HoopsHype public team salary table,https://www.hoopshype.com/salaries/teams/phoenix-suns/21/,36000000,,1,0,0
1628970,2026-27,NBA contract,,,22826087,22826087,1,2026-08-02,HoopsHype public team salary table,https://www.hoopshype.com/salaries/teams/phoenix-suns/21/,22826087,,0,0,0
1628415,2026-27,NBA contract,,,20992727,20992727,1,2026-08-02,HoopsHype public team salary table,https://www.hoopshype.com/salaries/teams/phoenix-suns/21/,20992727,,0,0,0
203078,2026-27,NBA contract,,,19383010,19383010,4,2026-08-02,HoopsHype public team salary table,https://www.hoopshype.com/salaries/teams/phoenix-suns/21/,19383010,,0,0,0
203078,2027-28,NBA contract,,,19383010,19383010,4,2026-08-02,HoopsHype public team salary table,https://www.hoopshype.com/salaries/teams/phoenix-suns/21/,19383010,,0,0,0
203078,2028-29,NBA contract,,,19383010,19383010,4,2026-08-02,HoopsHype public team salary table,https://www.hoopshype.com/salaries/teams/phoenix-suns/21/,19383010,,0,0,0
203078,2029-30,NBA contract,,,19383010,19383010,4,2026-08-02,HoopsHype public team salary table,https://www.hoopshype.com/salaries/teams/phoenix-suns/21/,19383010,,0,0,0
1631109,2026-27,NBA contract,,,11728395,11728395,3,2026-08-02,HoopsHype public team salary table,https://www.hoopshype.com/salaries/teams/phoenix-suns/21/,11728395,,0,0,0
1631109,2027-28,NBA contract,,,11728395,11728395,3,2026-08-02,HoopsHype public team salary table,https://www.hoopshype.com/salaries/teams/phoenix-suns/21/,12666667,,0,0,0
1631109,2028-29,NBA contract,,,11728395,11728395,3,2026-08-02,HoopsHype public team salary table,https://www.hoopshype.com/salaries/teams/phoenix-suns/21/,13604938,,0,0,0
1631221,2026-27,NBA contract,,,10714286,10714286,4,2026-08-02,HoopsHype public team salary table,https://www.hoopshype.com/salaries/teams/phoenix-suns/21/,10714286,,0,0,0
1631221,2027-28,NBA contract,,,10714286,10714286,4,2026-08-02,HoopsHype public team salary table,https://www.hoopshype.com/salaries/teams/phoenix-suns/21/,11571429,,0,0,0
1631221,2028-29,NBA contract,,,10714286,10714286,4,2026-08-02,HoopsHype public team salary table,https://www.hoopshype.com/salaries/teams/phoenix-suns/21/,12428571,,0,0,0
1631221,2029-30,NBA contract,,,10714286,10714286,4,2026-08-02,HoopsHype public team salary table,https://www.hoopshype.com/salaries/teams/phoenix-suns/21/,13285714,,0,0,0
1628379,2026-27,NBA contract,,,6064000,6064000,2,2026-08-02,HoopsHype public team salary table,https://www.hoopshype.com/salaries/teams/phoenix-suns/21/,6064000,,0,0,0
1628379,2027-28,NBA contract,,,6064000,6064000,2,2026-08-02,HoopsHype public team salary table,https://www.hoopshype.com/salaries/teams/phoenix-suns/21/,6367200,,1,0,0
1630692,2026-27,NBA contract,,,5864198,5864198,3,2026-08-02,HoopsHype public team salary table,https://www.hoopshype.com/salaries/teams/phoenix-suns/21/,5864198,,0,0,0
1630692,2027-28,NBA contract,,,5864198,5864198,3,2026-08-02,HoopsHype public team salary table,https://www.hoopshype.com/salaries/teams/phoenix-suns/21/,6333333,,0,0,0
1630692,2028-29,NBA contract,,,5864198,5864198,3,2026-08-02,HoopsHype public team salary table,https://www.hoopshype.com/salaries/teams/phoenix-suns/21/,6802469,,1,0,0
201939,2026-27,NBA contract,,,62587158,62587158,1,2026-08-02,HoopsHype public team salary table,https://www.hoopshype.com/salaries/teams/golden-state-warriors/9/,62587158,,0,0,0
203110,2026-27,NBA contract,,,27678571,27678571,1,2026-08-02,HoopsHype public team salary table,https://www.hoopshype.com/salaries/teams/golden-state-warriors/9/,27678571,,0,0,0
1630541,2026-27,NBA contract,,,12500000,12500000,2,2026-08-02,HoopsHype public team salary table,https://www.hoopshype.com/salaries/teams/golden-state-warriors/9/,12500000,,0,0,0
1630541,2027-28,NBA contract,,,12500000,12500000,2,2026-08-02,HoopsHype public team salary table,https://www.hoopshype.com/salaries/teams/golden-state-warriors/9/,13425925,,0,0,0
201143,2026-27,NBA contract,,,6822000,6822000,2,2026-08-02,HoopsHype public team salary table,https://www.hoopshype.com/salaries/teams/golden-state-warriors/9/,6822000,,0,0,0
201143,2027-28,NBA contract,,,6822000,6822000,2,2026-08-02,HoopsHype public team salary table,https://www.hoopshype.com/salaries/teams/golden-state-warriors/9/,7163100,,1,0,0
1630611,2026-27,NBA contract,,,4629630,4629630,3,2026-08-02,HoopsHype public team salary table,https://www.hoopshype.com/salaries/teams/golden-state-warriors/9/,4629630,,0,0,0
1630611,2027-28,NBA contract,,,4629630,4629630,3,2026-08-02,HoopsHype public team salary table,https://www.hoopshype.com/salaries/teams/golden-state-warriors/9/,5000000,,0,0,0
1630611,2028-29,NBA contract,,,4629630,4629630,3,2026-08-02,HoopsHype public team salary table,https://www.hoopshype.com/salaries/teams/golden-state-warriors/9/,5370370,,1,0,0
1628384,2026-27,NBA contract,,,42500000,42500000,3,2026-08-02,HoopsHype public team salary table,https://www.hoopshype.com/salaries/teams/new-york-knicks/18/,42500000,,0,0,0
1628384,2027-28,NBA contract,,,42500000,42500000,3,2026-08-02,HoopsHype public team salary table,https://www.hoopshype.com/salaries/teams/new-york-knicks/18/,45431034,,0,0,0
1628384,2028-29,NBA contract,,,42500000,42500000,3,2026-08-02,HoopsHype public team salary table,https://www.hoopshype.com/salaries/teams/new-york-knicks/18/,48362068,,1,0,0
1628973,2026-27,NBA contract,,,37739521,37739521,3,2026-08-02,HoopsHype public team salary table,https://www.hoopshype.com/salaries/teams/new-york-knicks/18/,37739521,,0,0,0
1628973,2027-28,NBA contract,,,37739521,37739521,3,2026-08-02,HoopsHype public team salary table,https://www.hoopshype.com/salaries/teams/new-york-knicks/18/,40535041,,0,0,0
1628973,2028-29,NBA contract,,,37739521,37739521,3,2026-08-02,HoopsHype public team salary table,https://www.hoopshype.com/salaries/teams/new-york-knicks/18/,43330561,,1,0,0
1628969,2026-27,NBA contract,,,33482145,33482145,4,2026-08-02,HoopsHype public team salary table,https://www.hoopshype.com/salaries/teams/new-york-knicks/18/,33482145,,0,0,0
1628969,2027-28,NBA contract,,,33482145,33482145,4,2026-08-02,HoopsHype public team salary table,https://www.hoopshype.com/salaries/teams/new-york-knicks/18/,36160714,,0,0,0
1628969,2028-29,NBA contract,,,33482145,33482145,4,2026-08-02,HoopsHype public team salary table,https://www.hoopshype.com/salaries/teams/new-york-knicks/18/,38839285,,0,0,0
1628969,2029-30,NBA contract,,,33482145,33482145,4,2026-08-02,HoopsHype public team salary table,https://www.hoopshype.com/salaries/teams/new-york-knicks/18/,41517856,,1,0,0
1628404,2026-27,NBA contract,,,20923760,20923760,2,2026-08-02,HoopsHype public team salary table,https://www.hoopshype.com/salaries/teams/new-york-knicks/18/,20923760,,0,0,0
1628404,2027-28,NBA contract,,,20923760,20923760,2,2026-08-02,HoopsHype public team salary table,https://www.hoopshype.com/salaries/teams/new-york-knicks/18/,22375280,,0,1,0
1629013,2026-27,NBA contract,,,5490967,5490967,4,2026-08-02,HoopsHype public team salary table,https://www.hoopshype.com/salaries/teams/new-york-knicks/18/,5490967,,0,0,0
1629013,2027-28,NBA contract,,,5490967,5490967,4,2026-08-02,HoopsHype public team salary table,https://www.hoopshype.com/salaries/teams/new-york-knicks/18/,5737500,,0,0,0
1629013,2028-29,NBA contract,,,5490967,5490967,4,2026-08-02,HoopsHype public team salary table,https://www.hoopshype.com/salaries/teams/new-york-knicks/18/,6162500,,0,0,0
1629013,2029-30,NBA contract,,,5490967,5490967,4,2026-08-02,HoopsHype public team salary table,https://www.hoopshype.com/salaries/teams/new-york-knicks/18/,6587500,,1,0,0
1630631,2026-27,NBA contract,,,4439656,4439656,3,2026-08-02,HoopsHype public team salary table,https://www.hoopshype.com/salaries/teams/new-york-knicks/18/,4439656,,0,0,0
1630631,2027-28,NBA contract,,,4439656,4439656,3,2026-08-02,HoopsHype public team salary table,https://www.hoopshype.com/salaries/teams/new-york-knicks/18/,4794828,,0,0,0
1630631,2028-29,NBA contract,,,4439656,4439656,3,2026-08-02,HoopsHype public team salary table,https://www.hoopshype.com/salaries/teams/new-york-knicks/18/,5150000,,0,0,0
1630540,2026-27,NBA contract,,,3956523,3956523,1,2026-08-02,HoopsHype public team salary table,https://www.hoopshype.com/salaries/teams/new-york-knicks/18/,3956523,,0,0,0
203903,2026-27,NBA contract,,,3876529,3876529,1,2026-08-02,HoopsHype public team salary table,https://www.hoopshype.com/salaries/teams/new-york-knicks/18/,3876529,,0,0,0
203083,2026-27,NBA contract,,,3876529,3876529,1,2026-08-02,HoopsHype public team salary table,https://www.hoopshype.com/salaries/teams/new-york-knicks/18/,3876529,,0,0,0
1631096,2026-27,NBA contract,,,41240250,41240250,4,2026-08-02,HoopsHype public team salary table,https://www.hoopshype.com/salaries/teams/oklahoma-city-thunder/25/,41240250,,0,0,0
1631096,2027-28,NBA contract,,,41240250,41240250,4,2026-08-02,HoopsHype public team salary table,https://www.hoopshype.com/salaries/teams/oklahoma-city-thunder/25/,44539470,,0,0,0
1631096,2028-29,NBA contract,,,41240250,41240250,4,2026-08-02,HoopsHype public team salary table,https://www.hoopshype.com/salaries/teams/oklahoma-city-thunder/25/,47838690,,0,0,0
1631096,2029-30,NBA contract,,,41240250,41240250,4,2026-08-02,HoopsHype public team salary table,https://www.hoopshype.com/salaries/teams/oklahoma-city-thunder/25/,51137910,,0,0,0
1631114,2026-27,NBA contract,,,41240250,41240250,4,2026-08-02,HoopsHype public team salary table,https://www.hoopshype.com/salaries/teams/oklahoma-city-thunder/25/,41240250,,0,0,0
1631114,2027-28,NBA contract,,,41240250,41240250,4,2026-08-02,HoopsHype public team salary table,https://www.hoopshype.com/salaries/teams/oklahoma-city-thunder/25/,44539470,,0,0,0
1631114,2028-29,NBA contract,,,41240250,41240250,4,2026-08-02,HoopsHype public team salary table,https://www.hoopshype.com/salaries/teams/oklahoma-city-thunder/25/,47838690,,0,0,0
1631114,2029-30,NBA contract,,,41240250,41240250,4,2026-08-02,HoopsHype public team salary table,https://www.hoopshype.com/salaries/teams/oklahoma-city-thunder/25/,51137910,,0,0,0
1627936,2026-27,NBA contract,,,19550160,19550160,3,2026-08-02,HoopsHype public team salary table,https://www.hoopshype.com/salaries/teams/oklahoma-city-thunder/25/,19550160,,0,0,0
1627936,2027-28,NBA contract,,,19550160,19550160,3,2026-08-02,HoopsHype public team salary table,https://www.hoopshype.com/salaries/teams/oklahoma-city-thunder/25/,20998320,,0,0,0
1627936,2028-29,NBA contract,,,19550160,19550160,3,2026-08-02,HoopsHype public team salary table,https://www.hoopshype.com/salaries/teams/oklahoma-city-thunder/25/,22446480,,0,0,0
1631119,2026-27,NBA contract,,,7774648,7774648,2,2026-08-02,HoopsHype public team salary table,https://www.hoopshype.com/salaries/teams/oklahoma-city-thunder/25/,7774648,,0,0,0
1631119,2027-28,NBA contract,,,7774648,7774648,2,2026-08-02,HoopsHype public team salary table,https://www.hoopshype.com/salaries/teams/oklahoma-city-thunder/25/,7774648,,0,1,0
1641717,2026-27,NBA contract,,,7421121,7421121,2,2026-08-02,HoopsHype public team salary table,https://www.hoopshype.com/salaries/teams/oklahoma-city-thunder/25/,7421121,,0,0,0
1641717,2027-28,NBA contract,,,7421121,7421121,2,2026-08-02,HoopsHype public team salary table,https://www.hoopshype.com/salaries/teams/oklahoma-city-thunder/25/,10849678,,0,0,0
1629026,2026-27,NBA contract,,,5000000,5000000,1,2026-08-02,HoopsHype public team salary table,https://www.hoopshype.com/salaries/teams/oklahoma-city-thunder/25/,5000000,,0,0,0
201142,2026-27,NBA contract,,,43902439,43902439,2,2026-08-02,HoopsHype public team salary table,https://www.hoopshype.com/salaries/teams/houston-rockets/10/,43902439,,0,0,0
201142,2027-28,NBA contract,,,43902439,43902439,2,2026-08-02,HoopsHype public team salary table,https://www.hoopshype.com/salaries/teams/houston-rockets/10/,46097561,,1,0,0
1630578,2026-27,NBA contract,,,35642202,35642202,4,2026-08-02,HoopsHype public team salary table,https://www.hoopshype.com/salaries/teams/houston-rockets/10/,35642202,,0,0,0
1630578,2027-28,NBA contract,,,35642202,35642202,4,2026-08-02,HoopsHype public team salary table,https://www.hoopshype.com/salaries/teams/houston-rockets/10/,37339450,,0,0,0
1630578,2028-29,NBA contract,,,35642202,35642202,4,2026-08-02,HoopsHype public team salary table,https://www.hoopshype.com/salaries/teams/houston-rockets/10/,39036697,,0,0,0
1630578,2029-30,NBA contract,,,35642202,35642202,4,2026-08-02,HoopsHype public team salary table,https://www.hoopshype.com/salaries/teams/houston-rockets/10/,39036697,,1,0,0
1627832,2026-27,NBA contract,,,25000000,25000000,1,2026-08-02,HoopsHype public team salary table,https://www.hoopshype.com/salaries/teams/houston-rockets/10/,25000000,,0,0,0
1631106,2026-27,NBA contract,,,14053356,14053356,4,2026-08-02,HoopsHype public team salary table,https://www.hoopshype.com/salaries/teams/houston-rockets/10/,14053356,,0,0,0
1631106,2027-28,NBA contract,,,14053356,14053356,4,2026-08-02,HoopsHype public team salary table,https://www.hoopshype.com/salaries/teams/houston-rockets/10/,15177624,,0,0,0
1631106,2028-29,NBA contract,,,14053356,14053356,4,2026-08-02,HoopsHype public team salary table,https://www.hoopshype.com/salaries/teams/houston-rockets/10/,16301892,,0,0,0
1631106,2029-30,NBA contract,,,14053356,14053356,4,2026-08-02,HoopsHype public team salary table,https://www.hoopshype.com/salaries/teams/houston-rockets/10/,17426160,,0,0,0
203500,2026-27,NBA contract,,,13000000,13000000,2,2026-08-02,HoopsHype public team salary table,https://www.hoopshype.com/salaries/teams/houston-rockets/10/,13000000,,0,0,0
203500,2027-28,NBA contract,,,13000000,13000000,2,2026-08-02,HoopsHype public team salary table,https://www.hoopshype.com/salaries/teams/houston-rockets/10/,11869566,,0,0,0
1641708,2026-27,NBA contract,,,12258119,12258119,2,2026-08-02,HoopsHype public team salary table,https://www.hoopshype.com/salaries/teams/houston-rockets/10/,12258119,,0,0,0
1641708,2027-28,NBA contract,,,12258119,12258119,2,2026-08-02,HoopsHype public team salary table,https://www.hoopshype.com/salaries/teams/houston-rockets/10/,17394270,,0,0,0
1642263,2026-27,NBA contract,,,11108880,11108880,3,2026-08-02,HoopsHype public team salary table,https://www.hoopshype.com/salaries/teams/houston-rockets/10/,11108880,,0,0,0
1642263,2027-28,NBA contract,,,11108880,11108880,3,2026-08-02,HoopsHype public team salary table,https://www.hoopshype.com/salaries/teams/houston-rockets/10/,14041624,,0,1,0
1642263,2028-29,NBA contract,,,11108880,11108880,3,2026-08-02,HoopsHype public team salary table,https://www.hoopshype.com/salaries/teams/houston-rockets/10/,19826773,,0,0,0
203991,2026-27,NBA contract,,,7035000,7035000,2,2026-08-02,HoopsHype public team salary table,https://www.hoopshype.com/salaries/teams/houston-rockets/10/,7035000,,0,0,0
203991,2027-28,NBA contract,,,7035000,7035000,2,2026-08-02,HoopsHype public team salary table,https://www.hoopshype.com/salaries/teams/houston-rockets/10/,7370000,,0,0,0
203935,2026-27,NBA contract,,,6064000,6064000,2,2026-08-02,HoopsHype public team salary table,https://www.hoopshype.com/salaries/teams/houston-rockets/10/,6064000,,0,0,0
203935,2027-28,NBA contract,,,6064000,6064000,2,2026-08-02,HoopsHype public team salary table,https://www.hoopshype.com/salaries/teams/houston-rockets/10/,6367200,,1,0,0
1627759,2026-27,NBA contract,,,57736350,57736350,3,2026-08-02,HoopsHype public team salary table,https://www.hoopshype.com/salaries/teams/philadelphia-76ers/20/,57736350,,0,0,0
1627759,2027-28,NBA contract,,,57736350,57736350,3,2026-08-02,HoopsHype public team salary table,https://www.hoopshype.com/salaries/teams/philadelphia-76ers/20/,61672814,,0,0,0
1627759,2028-29,NBA contract,,,57736350,57736350,3,2026-08-02,HoopsHype public team salary table,https://www.hoopshype.com/salaries/teams/philadelphia-76ers/20/,65609278,,0,0,0
203954,2026-27,NBA contract,,,57736350,57736350,3,2026-08-02,HoopsHype public team salary table,https://www.hoopshype.com/salaries/teams/philadelphia-76ers/20/,57736350,,0,0,0
203954,2027-28,NBA contract,,,57736350,57736350,3,2026-08-02,HoopsHype public team salary table,https://www.hoopshype.com/salaries/teams/philadelphia-76ers/20/,62355258,,0,0,0
203954,2028-29,NBA contract,,,57736350,57736350,3,2026-08-02,HoopsHype public team salary table,https://www.hoopshype.com/salaries/teams/philadelphia-76ers/20/,66974166,,0,0,0
1630178,2026-27,NBA contract,,,40770520,40770520,3,2026-08-02,HoopsHype public team salary table,https://www.hoopshype.com/salaries/teams/philadelphia-76ers/20/,40770520,,0,0,0
1630178,2027-28,NBA contract,,,40770520,40770520,3,2026-08-02,HoopsHype public team salary table,https://www.hoopshype.com/salaries/teams/philadelphia-76ers/20/,43582280,,0,0,0
1630178,2028-29,NBA contract,,,40770520,40770520,3,2026-08-02,HoopsHype public team salary table,https://www.hoopshype.com/salaries/teams/philadelphia-76ers/20/,46394040,,0,0,0
1629731,2026-27,NBA contract,,,9000000,9000000,4,2026-08-02,HoopsHype public team salary table,https://www.hoopshype.com/salaries/teams/philadelphia-76ers/20/,9000000,,0,0,0
1629731,2027-28,NBA contract,,,9000000,9000000,4,2026-08-02,HoopsHype public team salary table,https://www.hoopshype.com/salaries/teams/philadelphia-76ers/20/,9450000,,0,0,0
1629731,2028-29,NBA contract,,,9000000,9000000,4,2026-08-02,HoopsHype public team salary table,https://www.hoopshype.com/salaries/teams/philadelphia-76ers/20/,9900000,,0,0,0
1629731,2029-30,NBA contract,,,9000000,9000000,4,2026-08-02,HoopsHype public team salary table,https://www.hoopshype.com/salaries/teams/philadelphia-76ers/20/,10350000,,0,0,0
1629014,2026-27,NBA contract,,,6000000,6000000,2,2026-08-02,HoopsHype public team salary table,https://www.hoopshype.com/salaries/teams/philadelphia-76ers/20/,6000000,,0,0,0
1629014,2027-28,NBA contract,,,6000000,6000000,2,2026-08-02,HoopsHype public team salary table,https://www.hoopshype.com/salaries/teams/philadelphia-76ers/20/,6300000,,1,0,0
2544,2026-27,NBA contract,,,3876529,3876529,2,2026-08-02,HoopsHype public team salary table,https://www.hoopshype.com/salaries/teams/philadelphia-76ers/20/,3876529,,0,0,0
2544,2027-28,NBA contract,,,3876529,3876529,2,2026-08-02,HoopsHype public team salary table,https://www.hoopshype.com/salaries/teams/philadelphia-76ers/20/,4070355,,1,0,0
1631230,2026-27,NBA contract,,,3415000,3415000,1,2026-08-02,HoopsHype public team salary table,https://www.hoopshype.com/salaries/teams/philadelphia-76ers/20/,3415000,,0,0,0
1630559,2026-27,NBA contract,,,41240250,41240250,4,2026-08-02,HoopsHype public team salary table,https://www.hoopshype.com/salaries/teams/los-angeles-lakers/13/,41240250,,0,0,0
1630559,2027-28,NBA contract,,,41240250,41240250,4,2026-08-02,HoopsHype public team salary table,https://www.hoopshype.com/salaries/teams/los-angeles-lakers/13/,42954030,,0,0,0
1630559,2028-29,NBA contract,,,41240250,41240250,4,2026-08-02,HoopsHype public team salary table,https://www.hoopshype.com/salaries/teams/los-angeles-lakers/13/,46253250,,0,0,0
1630559,2029-30,NBA contract,,,41240250,41240250,4,2026-08-02,HoopsHype public team salary table,https://www.hoopshype.com/salaries/teams/los-angeles-lakers/13/,49552470,,1,0,0
1631117,2026-27,NBA contract,,,30108821,30108821,4,2026-08-02,HoopsHype public team salary table,https://www.hoopshype.com/salaries/teams/los-angeles-lakers/13/,30108821,,0,0,0
1631117,2027-28,NBA contract,,,30108821,30108821,4,2026-08-02,HoopsHype public team salary table,https://www.hoopshype.com/salaries/teams/los-angeles-lakers/13/,31614262,,0,0,0
1631117,2028-29,NBA contract,,,30108821,30108821,4,2026-08-02,HoopsHype public team salary table,https://www.hoopshype.com/salaries/teams/los-angeles-lakers/13/,33119703,,0,0,0
1631117,2029-30,NBA contract,,,30108821,30108821,4,2026-08-02,HoopsHype public team salary table,https://www.hoopshype.com/salaries/teams/los-angeles-lakers/13/,34625144,,1,0,0
1629656,2026-27,NBA contract,,,13953489,13953489,4,2026-08-02,HoopsHype public team salary table,https://www.hoopshype.com/salaries/teams/los-angeles-lakers/13/,13953489,,0,0,0
1629656,2027-28,NBA contract,,,13953489,13953489,4,2026-08-02,HoopsHype public team salary table,https://www.hoopshype.com/salaries/teams/los-angeles-lakers/13/,14651163,,0,0,0
1629656,2028-29,NBA contract,,,13953489,13953489,4,2026-08-02,HoopsHype public team salary table,https://www.hoopshype.com/salaries/teams/los-angeles-lakers/13/,15348837,,0,0,0
1629656,2029-30,NBA contract,,,13953489,13953489,4,2026-08-02,HoopsHype public team salary table,https://www.hoopshype.com/salaries/teams/los-angeles-lakers/13/,16046511,,1,0,0
1629012,2026-27,NBA contract,,,9366000,9366000,2,2026-08-02,HoopsHype public team salary table,https://www.hoopshype.com/salaries/teams/los-angeles-lakers/13/,9366000,,0,0,0
1629012,2027-28,NBA contract,,,9366000,9366000,2,2026-08-02,HoopsHype public team salary table,https://www.hoopshype.com/salaries/teams/los-angeles-lakers/13/,9834000,,1,0,0
1630702,2026-27,NBA contract,,,6000000,6000000,2,2026-08-02,HoopsHype public team salary table,https://www.hoopshype.com/salaries/teams/los-angeles-lakers/13/,6000000,,0,0,0
1630702,2027-28,NBA contract,,,6000000,6000000,2,2026-08-02,HoopsHype public team salary table,https://www.hoopshype.com/salaries/teams/los-angeles-lakers/13/,6000000,,0,1,0
1631222,2026-27,NBA contract,,,6000000,6000000,1,2026-08-02,HoopsHype public team salary table,https://www.hoopshype.com/salaries/teams/los-angeles-lakers/13/,6000000,,0,0,0
1642261,2026-27,NBA contract,,,4201080,4201080,3,2026-08-02,HoopsHype public team salary table,https://www.hoopshype.com/salaries/teams/los-angeles-lakers/13/,4201080,,0,0,0
1642261,2027-28,NBA contract,,,4201080,4201080,3,2026-08-02,HoopsHype public team salary table,https://www.hoopshype.com/salaries/teams/los-angeles-lakers/13/,6452859,,0,1,0
1642261,2028-29,NBA contract,,,4201080,4201080,3,2026-08-02,HoopsHype public team salary table,https://www.hoopshype.com/salaries/teams/los-angeles-lakers/13/,9756722,,0,0,0
1628369,2026-27,NBA contract,,,58456566,58456566,4,2026-08-02,HoopsHype public team salary table,https://www.hoopshype.com/salaries/teams/boston-celtics/2/,58456566,,0,0,0
1628369,2027-28,NBA contract,,,58456566,58456566,4,2026-08-02,HoopsHype public team salary table,https://www.hoopshype.com/salaries/teams/boston-celtics/2/,62786682,,0,0,0
1628369,2028-29,NBA contract,,,58456566,58456566,4,2026-08-02,HoopsHype public team salary table,https://www.hoopshype.com/salaries/teams/boston-celtics/2/,67116798,,0,0,0
1628369,2029-30,NBA contract,,,58456566,58456566,4,2026-08-02,HoopsHype public team salary table,https://www.hoopshype.com/salaries/teams/boston-celtics/2/,71446914,,1,0,0
202331,2026-27,NBA contract,,,54126380,54126380,2,2026-08-02,HoopsHype public team salary table,https://www.hoopshype.com/salaries/teams/boston-celtics/2/,54126380,,0,0,0
202331,2027-28,NBA contract,,,54126380,54126380,2,2026-08-02,HoopsHype public team salary table,https://www.hoopshype.com/salaries/teams/boston-celtics/2/,56586670,,1,0,0
1628401,2026-27,NBA contract,,,30348000,30348000,3,2026-08-02,HoopsHype public team salary table,https://www.hoopshype.com/salaries/teams/boston-celtics/2/,30348000,,0,0,0
1628401,2027-28,NBA contract,,,30348000,30348000,3,2026-08-02,HoopsHype public team salary table,https://www.hoopshype.com/salaries/teams/boston-celtics/2/,32596000,,0,0,0
1628401,2028-29,NBA contract,,,30348000,30348000,3,2026-08-02,HoopsHype public team salary table,https://www.hoopshype.com/salaries/teams/boston-celtics/2/,34844000,,1,0,0
1630573,2026-27,NBA contract,,,10848215,10848215,3,2026-08-02,HoopsHype public team salary table,https://www.hoopshype.com/salaries/teams/boston-celtics/2/,10848215,,0,0,0
1630573,2027-28,NBA contract,,,10848215,10848215,3,2026-08-02,HoopsHype public team salary table,https://www.hoopshype.com/salaries/teams/boston-celtics/2/,11651785,,0,0,0
1630573,2028-29,NBA contract,,,10848215,10848215,3,2026-08-02,HoopsHype public team salary table,https://www.hoopshype.com/salaries/teams/boston-celtics/2/,12455356,,0,0,0
1630202,2026-27,NBA contract,,,7767857,7767857,2,2026-08-02,HoopsHype public team salary table,https://www.hoopshype.com/salaries/teams/boston-celtics/2/,7767857,,0,0,0
1630202,2027-28,NBA contract,,,7767857,7767857,2,2026-08-02,HoopsHype public team salary table,https://www.hoopshype.com/salaries/teams/boston-celtics/2/,8303571,,0,0,0
201144,2026-27,NBA contract,,,3876529,3876529,1,2026-08-02,HoopsHype public team salary table,https://www.hoopshype.com/salaries/teams/boston-celtics/2/,3876529,,0,0,0
202695,2026-27,NBA contract,,,50300000,50300000,1,2026-08-02,HoopsHype public team salary table,https://www.hoopshype.com/salaries/teams/toronto-raptors/28/,50300000,,0,0,0
1630567,2026-27,NBA contract,,,41754636,41754636,4,2026-08-02,HoopsHype public team salary table,https://www.hoopshype.com/salaries/teams/toronto-raptors/28/,41754636,,0,0,0
1630567,2027-28,NBA contract,,,41754636,41754636,4,2026-08-02,HoopsHype public team salary table,https://www.hoopshype.com/salaries/teams/toronto-raptors/28/,44847572,,0,0,0
1630567,2028-29,NBA contract,,,41754636,41754636,4,2026-08-02,HoopsHype public team salary table,https://www.hoopshype.com/salaries/teams/toronto-raptors/28/,47940508,,0,0,0
1630567,2029-30,NBA contract,,,41754636,41754636,4,2026-08-02,HoopsHype public team salary table,https://www.hoopshype.com/salaries/teams/toronto-raptors/28/,51033444,,0,0,0
1629628,2026-27,NBA contract,,,29616071,29616071,1,2026-08-02,HoopsHype public team salary table,https://www.hoopshype.com/salaries/teams/toronto-raptors/28/,29616071,,0,0,0
1627751,2026-27,NBA contract,,,19500000,19500000,4,2026-08-02,HoopsHype public team salary table,https://www.hoopshype.com/salaries/teams/toronto-raptors/28/,19500000,,0,0,0
1627751,2027-28,NBA contract,,,19500000,19500000,4,2026-08-02,HoopsHype public team salary table,https://www.hoopshype.com/salaries/teams/toronto-raptors/28/,27300000,,0,0,0
1627751,2028-29,NBA contract,,,19500000,19500000,4,2026-08-02,HoopsHype public team salary table,https://www.hoopshype.com/salaries/teams/toronto-raptors/28/,29484000,,0,0,0
1627751,2029-30,NBA contract,,,19500000,19500000,4,2026-08-02,HoopsHype public team salary table,https://www.hoopshype.com/salaries/teams/toronto-raptors/28/,27300000,,0,0,0
203937,2026-27,NBA contract,,,3876529,3876529,1,2026-08-02,HoopsHype public team salary table,https://www.hoopshype.com/salaries/teams/toronto-raptors/28/,3876529,,0,0,0
1642266,2026-27,NBA contract,,,3811800,3811800,3,2026-08-02,HoopsHype public team salary table,https://www.hoopshype.com/salaries/teams/toronto-raptors/28/,3811800,,0,0,0
1642266,2027-28,NBA contract,,,3811800,3811800,3,2026-08-02,HoopsHype public team salary table,https://www.hoopshype.com/salaries/teams/toronto-raptors/28/,5870172,,0,1,0
1642266,2028-29,NBA contract,,,3811800,3811800,3,2026-08-02,HoopsHype public team salary table,https://www.hoopshype.com/salaries/teams/toronto-raptors/28/,8957882,,0,0,0
203897,2026-27,NBA contract,,,48967380,48967380,1,2026-08-02,HoopsHype public team salary table,https://www.hoopshype.com/salaries/teams/sacramento-kings/23/,48967380,,0,0,0
1627734,2026-27,NBA contract,,,45472000,45472000,2,2026-08-02,HoopsHype public team salary table,https://www.hoopshype.com/salaries/teams/sacramento-kings/23/,45472000,,0,0,0
1627734,2027-28,NBA contract,,,45472000,45472000,2,2026-08-02,HoopsHype public team salary table,https://www.hoopshype.com/salaries/teams/sacramento-kings/23/,48608000,,0,0,0
1629631,2026-27,NBA contract,,,24910714,24910714,1,2026-08-02,HoopsHype public team salary table,https://www.hoopshype.com/salaries/teams/sacramento-kings/23/,24910714,,0,0,0
1631099,2026-27,NBA contract,,,24137936,24137936,4,2026-08-02,HoopsHype public team salary table,https://www.hoopshype.com/salaries/teams/sacramento-kings/23/,24137936,,0,0,0
1631099,2027-28,NBA contract,,,24137936,24137936,4,2026-08-02,HoopsHype public team salary table,https://www.hoopshype.com/salaries/teams/sacramento-kings/23/,26068965,,0,0,0
1631099,2028-29,NBA contract,,,24137936,24137936,4,2026-08-02,HoopsHype public team salary table,https://www.hoopshype.com/salaries/teams/sacramento-kings/23/,27999999,,0,0,0
1631099,2029-30,NBA contract,,,24137936,24137936,4,2026-08-02,HoopsHype public team salary table,https://www.hoopshype.com/salaries/teams/sacramento-kings/23/,29931033,,0,0,0
1628370,2026-27,NBA contract,,,20190035,20190035,2,2026-08-02,HoopsHype public team salary table,https://www.hoopshype.com/salaries/teams/sacramento-kings/23/,20190035,,0,0,0
1628370,2027-28,NBA contract,,,20190035,20190035,2,2026-08-02,HoopsHype public team salary table,https://www.hoopshype.com/salaries/teams/sacramento-kings/23/,21582451,,1,0,0
201942,2026-27,NBA contract,,,10000000,10000000,1,2026-08-02,HoopsHype public team salary table,https://www.hoopshype.com/salaries/teams/sacramento-kings/23/,10000000,,0,0,0
1630173,2026-27,NBA contract,,,5477000,5477000,2,2026-08-02,HoopsHype public team salary table,https://www.hoopshype.com/salaries/teams/sacramento-kings/23/,5477000,,0,0,0
1630173,2027-28,NBA contract,,,5477000,5477000,2,2026-08-02,HoopsHype public team salary table,https://www.hoopshype.com/salaries/teams/sacramento-kings/23/,5750850,,0,0,0
1628368,2026-27,NBA contract,,,49488300,49488300,4,2026-08-02,HoopsHype public team salary table,https://www.hoopshype.com/salaries/teams/san-antonio-spurs/24/,49488300,,0,0,0
1628368,2027-28,NBA contract,,,49488300,49488300,4,2026-08-02,HoopsHype public team salary table,https://www.hoopshype.com/salaries/teams/san-antonio-spurs/24/,53447364,,0,0,0
1628368,2028-29,NBA contract,,,49488300,49488300,4,2026-08-02,HoopsHype public team salary table,https://www.hoopshype.com/salaries/teams/san-antonio-spurs/24/,57406428,,0,0,0
1628368,2029-30,NBA contract,,,49488300,49488300,4,2026-08-02,HoopsHype public team salary table,https://www.hoopshype.com/salaries/teams/san-antonio-spurs/24/,61365492,,0,0,0
1630170,2026-27,NBA contract,,,27500000,27500000,3,2026-08-02,HoopsHype public team salary table,https://www.hoopshype.com/salaries/teams/san-antonio-spurs/24/,27500000,,0,0,0
1630170,2027-28,NBA contract,,,27500000,27500000,3,2026-08-02,HoopsHype public team salary table,https://www.hoopshype.com/salaries/teams/san-antonio-spurs/24/,25108696,,0,0,0
1630170,2028-29,NBA contract,,,27500000,27500000,3,2026-08-02,HoopsHype public team salary table,https://www.hoopshype.com/salaries/teams/san-antonio-spurs/24/,27500000,,0,0,0
1629640,2026-27,NBA contract,,,18000000,18000000,1,2026-08-02,HoopsHype public team salary table,https://www.hoopshype.com/salaries/teams/san-antonio-spurs/24/,18000000,,0,0,0
202699,2026-27,NBA contract,,,15044000,15044000,2,2026-08-02,HoopsHype public team salary table,https://www.hoopshype.com/salaries/teams/san-antonio-spurs/24/,15044000,,0,0,0
202699,2027-28,NBA contract,,,15044000,15044000,2,2026-08-02,HoopsHype public team salary table,https://www.hoopshype.com/salaries/teams/san-antonio-spurs/24/,15796200,,0,0,0
1628436,2026-27,NBA contract,,,10450000,10450000,3,2026-08-02,HoopsHype public team salary table,https://www.hoopshype.com/salaries/teams/san-antonio-spurs/24/,10450000,,0,0,0
1628436,2027-28,NBA contract,,,10450000,10450000,3,2026-08-02,HoopsHype public team salary table,https://www.hoopshype.com/salaries/teams/san-antonio-spurs/24/,9900000,,0,0,0
1628436,2028-29,NBA contract,,,10450000,10450000,3,2026-08-02,HoopsHype public team salary table,https://www.hoopshype.com/salaries/teams/san-antonio-spurs/24/,9350000,,0,1,0
1642264,2026-27,NBA contract,,,10015920,10015920,3,2026-08-02,HoopsHype public team salary table,https://www.hoopshype.com/salaries/teams/san-antonio-spurs/24/,10015920,,0,0,0
1642264,2027-28,NBA contract,,,10015920,10015920,3,2026-08-02,HoopsHype public team salary table,https://www.hoopshype.com/salaries/teams/san-antonio-spurs/24/,12670139,,0,1,0
1642264,2028-29,NBA contract,,,10015920,10015920,3,2026-08-02,HoopsHype public team salary table,https://www.hoopshype.com/salaries/teams/san-antonio-spurs/24/,17978927,,0,0,0
203084,2026-27,NBA contract,,,8000000,8000000,1,2026-08-02,HoopsHype public team salary table,https://www.hoopshype.com/salaries/teams/san-antonio-spurs/24/,8000000,,0,0,0
1628389,2026-27,NBA contract,,,49488300,49488300,3,2026-08-02,HoopsHype public team salary table,https://www.hoopshype.com/salaries/teams/miami-heat/14/,49488300,,0,0,0
1628389,2027-28,NBA contract,,,49488300,49488300,3,2026-08-02,HoopsHype public team salary table,https://www.hoopshype.com/salaries/teams/miami-heat/14/,53447364,,0,0,0
1628389,2028-29,NBA contract,,,49488300,49488300,3,2026-08-02,HoopsHype public team salary table,https://www.hoopshype.com/salaries/teams/miami-heat/14/,57406428,,1,0,0
203952,2026-27,NBA contract,,,30169644,30169644,3,2026-08-02,HoopsHype public team salary table,https://www.hoopshype.com/salaries/teams/miami-heat/14/,30169644,,0,0,0
203952,2027-28,NBA contract,,,30169644,30169644,3,2026-08-02,HoopsHype public team salary table,https://www.hoopshype.com/salaries/teams/miami-heat/14/,16510000,,0,0,0
203952,2028-29,NBA contract,,,30169644,30169644,3,2026-08-02,HoopsHype public team salary table,https://www.hoopshype.com/salaries/teams/miami-heat/14/,17320356,,1,0,0
1630558,2026-27,NBA contract,,,12400000,12400000,1,2026-08-02,HoopsHype public team salary table,https://www.hoopshype.com/salaries/teams/miami-heat/14/,12400000,,0,0,0
203501,2026-27,NBA contract,,,6065000,6065000,1,2026-08-02,HoopsHype public team salary table,https://www.hoopshype.com/salaries/teams/miami-heat/14/,6065000,,0,0,0
1630696,2026-27,NBA contract,,,2584539,2584539,2,2026-08-02,HoopsHype public team salary table,https://www.hoopshype.com/salaries/teams/miami-heat/14/,2584539,,0,0,0
1630696,2027-28,NBA contract,,,2584539,2584539,2,2026-08-02,HoopsHype public team salary table,https://www.hoopshype.com/salaries/teams/miami-heat/14/,2934742,,0,0,0
1641796,2026-27,NBA contract,,,2296271,2296271,1,2026-08-02,HoopsHype public team salary table,https://www.hoopshype.com/salaries/teams/miami-heat/14/,2296271,,0,0,0
1629627,2026-27,NBA contract,,,42166510,42166510,2,2026-08-02,HoopsHype public team salary table,https://www.hoopshype.com/salaries/teams/new-orleans-pelicans/3/,42166510,,0,0,0
1629627,2027-28,NBA contract,,,42166510,42166510,2,2026-08-02,HoopsHype public team salary table,https://www.hoopshype.com/salaries/teams/new-orleans-pelicans/3/,44886930,,0,0,0
1629673,2026-27,NBA contract,,,34044642,34044642,1,2026-08-02,HoopsHype public team salary table,https://www.hoopshype.com/salaries/teams/new-orleans-pelicans/3/,34044642,,0,0,0
1627749,2026-27,NBA contract,,,32785071,32785071,2,2026-08-02,HoopsHype public team salary table,https://www.hoopshype.com/salaries/teams/new-orleans-pelicans/3/,32785071,,0,0,0
1627749,2027-28,NBA contract,,,32785071,32785071,2,2026-08-02,HoopsHype public team salary table,https://www.hoopshype.com/salaries/teams/new-orleans-pelicans/3/,30751504,,1,0,0
1630530,2026-27,NBA contract,,,27000000,27000000,3,2026-08-02,HoopsHype public team salary table,https://www.hoopshype.com/salaries/teams/new-orleans-pelicans/3/,27000000,,0,0,0
1630530,2027-28,NBA contract,,,27000000,27000000,3,2026-08-02,HoopsHype public team salary table,https://www.hoopshype.com/salaries/teams/new-orleans-pelicans/3/,29000000,,0,0,0
1630530,2028-29,NBA contract,,,27000000,27000000,3,2026-08-02,HoopsHype public team salary table,https://www.hoopshype.com/salaries/teams/new-orleans-pelicans/3/,31000000,,0,0,0
1641722,2026-27,NBA contract,,,7021740,7021740,2,2026-08-02,HoopsHype public team salary table,https://www.hoopshype.com/salaries/teams/new-orleans-pelicans/3/,7021740,,0,0,0
1641722,2027-28,NBA contract,,,7021740,7021740,2,2026-08-02,HoopsHype public team salary table,https://www.hoopshype.com/salaries/teams/new-orleans-pelicans/3/,10469414,,0,0,0
1630180,2026-27,NBA contract,,,6557080,6557080,1,2026-08-02,HoopsHype public team salary table,https://www.hoopshype.com/salaries/teams/new-orleans-pelicans/3/,6557080,,0,0,0
201599,2026-27,NBA contract,,,3876529,3876529,2,2026-08-02,HoopsHype public team salary table,https://www.hoopshype.com/salaries/teams/new-orleans-pelicans/3/,3876529,,0,0,0
201599,2027-28,NBA contract,,,3876529,3876529,2,2026-08-02,HoopsHype public team salary table,https://www.hoopshype.com/salaries/teams/new-orleans-pelicans/3/,4070355,,0,0,0
1630552,2026-27,NBA contract,,,30000000,30000000,4,2026-08-02,HoopsHype public team salary table,https://www.hoopshype.com/salaries/teams/atlanta-hawks/1/,30000000,,0,0,0
1630552,2027-28,NBA contract,,,30000000,30000000,4,2026-08-02,HoopsHype public team salary table,https://www.hoopshype.com/salaries/teams/atlanta-hawks/1/,30000000,,0,0,0
1630552,2028-29,NBA contract,,,30000000,30000000,4,2026-08-02,HoopsHype public team salary table,https://www.hoopshype.com/salaries/teams/atlanta-hawks/1/,30000000,,0,0,0
1630552,2029-30,NBA contract,,,30000000,30000000,4,2026-08-02,HoopsHype public team salary table,https://www.hoopshype.com/salaries/teams/atlanta-hawks/1/,30000000,,0,0,0
1630700,2026-27,NBA contract,,,25000000,25000000,4,2026-08-02,HoopsHype public team salary table,https://www.hoopshype.com/salaries/teams/atlanta-hawks/1/,25000000,,0,0,0
1630700,2027-28,NBA contract,,,25000000,25000000,4,2026-08-02,HoopsHype public team salary table,https://www.hoopshype.com/salaries/teams/atlanta-hawks/1/,25000000,,0,0,0
1630700,2028-29,NBA contract,,,25000000,25000000,4,2026-08-02,HoopsHype public team salary table,https://www.hoopshype.com/salaries/teams/atlanta-hawks/1/,25000000,,0,0,0
1630700,2029-30,NBA contract,,,25000000,25000000,4,2026-08-02,HoopsHype public team salary table,https://www.hoopshype.com/salaries/teams/atlanta-hawks/1/,25000000,,0,0,0
203468,2026-27,NBA contract,,,21000000,21000000,1,2026-08-02,HoopsHype public team salary table,https://www.hoopshype.com/salaries/teams/atlanta-hawks/1/,21000000,,0,0,0
1629652,2026-27,NBA contract,,,17222222,17222222,1,2026-08-02,HoopsHype public team salary table,https://www.hoopshype.com/salaries/teams/atlanta-hawks/1/,17222222,,0,0,0
1630168,2026-27,NBA contract,,,16120000,16120000,2,2026-08-02,HoopsHype public team salary table,https://www.hoopshype.com/salaries/teams/atlanta-hawks/1/,16120000,,0,0,0
1630168,2027-28,NBA contract,,,16120000,16120000,2,2026-08-02,HoopsHype public team salary table,https://www.hoopshype.com/salaries/teams/atlanta-hawks/1/,16880000,,0,0,0
1629111,2026-27,NBA contract,,,14100000,14100000,1,2026-08-02,HoopsHype public team salary table,https://www.hoopshype.com/salaries/teams/atlanta-hawks/1/,14100000,,0,0,0
1630557,2026-27,NBA contract,,,13975000,13975000,3,2026-08-02,HoopsHype public team salary table,https://www.hoopshype.com/salaries/teams/atlanta-hawks/1/,13975000,,0,0,0
1630557,2027-28,NBA contract,,,13975000,13975000,3,2026-08-02,HoopsHype public team salary table,https://www.hoopshype.com/salaries/teams/atlanta-hawks/1/,13050000,,0,0,0
1630557,2028-29,NBA contract,,,13975000,13975000,3,2026-08-02,HoopsHype public team salary table,https://www.hoopshype.com/salaries/teams/atlanta-hawks/1/,13050000,,0,1,0
1627741,2026-27,NBA contract,,,9658536,9658536,2,2026-08-02,HoopsHype public team salary table,https://www.hoopshype.com/salaries/teams/atlanta-hawks/1/,9658536,,0,0,0
1627741,2027-28,NBA contract,,,9658536,9658536,2,2026-08-02,HoopsHype public team salary table,https://www.hoopshype.com/salaries/teams/atlanta-hawks/1/,10097560,,0,1,0
1630598,2026-27,NBA contract,,,9028038,9028038,3,2026-08-02,HoopsHype public team salary table,https://www.hoopshype.com/salaries/teams/atlanta-hawks/1/,9028038,,0,0,0
1630598,2027-28,NBA contract,,,9028038,9028038,3,2026-08-02,HoopsHype public team salary table,https://www.hoopshype.com/salaries/teams/atlanta-hawks/1/,8168226,,0,0,0
1630598,2028-29,NBA contract,,,9028038,9028038,3,2026-08-02,HoopsHype public team salary table,https://www.hoopshype.com/salaries/teams/atlanta-hawks/1/,8168226,,0,1,0
1629630,2026-27,NBA contract,,,42166510,42166510,2,2026-08-02,HoopsHype public team salary table,https://www.hoopshype.com/salaries/teams/portland-trail-blazers/22/,42166510,,0,0,0
1629630,2027-28,NBA contract,,,42166510,42166510,2,2026-08-02,HoopsHype public team salary table,https://www.hoopshype.com/salaries/teams/portland-trail-blazers/22/,44886930,,0,0,0
201950,2026-27,NBA contract,,,34800000,34800000,2,2026-08-02,HoopsHype public team salary table,https://www.hoopshype.com/salaries/teams/portland-trail-blazers/22/,34800000,,0,0,0
201950,2027-28,NBA contract,,,34800000,34800000,2,2026-08-02,HoopsHype public team salary table,https://www.hoopshype.com/salaries/teams/portland-trail-blazers/22/,37200000,,1,0,0
1631101,2026-27,NBA contract,,,20089287,20089287,4,2026-08-02,HoopsHype public team salary table,https://www.hoopshype.com/salaries/teams/portland-trail-blazers/22/,20089287,,0,0,0
1631101,2027-28,NBA contract,,,20089287,20089287,4,2026-08-02,HoopsHype public team salary table,https://www.hoopshype.com/salaries/teams/portland-trail-blazers/22/,21696429,,0,0,0
1631101,2028-29,NBA contract,,,20089287,20089287,4,2026-08-02,HoopsHype public team salary table,https://www.hoopshype.com/salaries/teams/portland-trail-blazers/22/,23303571,,0,0,0
1631101,2029-30,NBA contract,,,20089287,20089287,4,2026-08-02,HoopsHype public team salary table,https://www.hoopshype.com/salaries/teams/portland-trail-blazers/22/,24910713,,0,0,0
1641739,2026-27,NBA contract,,,18080358,18080358,4,2026-08-02,HoopsHype public team salary table,https://www.hoopshype.com/salaries/teams/portland-trail-blazers/22/,18080358,,0,0,0
1641739,2027-28,NBA contract,,,18080358,18080358,4,2026-08-02,HoopsHype public team salary table,https://www.hoopshype.com/salaries/teams/portland-trail-blazers/22/,19526786,,0,0,0
1641739,2028-29,NBA contract,,,18080358,18080358,4,2026-08-02,HoopsHype public team salary table,https://www.hoopshype.com/salaries/teams/portland-trail-blazers/22/,20973214,,0,0,0
1641739,2029-30,NBA contract,,,18080358,18080358,4,2026-08-02,HoopsHype public team salary table,https://www.hoopshype.com/salaries/teams/portland-trail-blazers/22/,22419642,,0,0,0
1630703,2026-27,NBA contract,,,13585465,13585465,2,2026-08-02,HoopsHype public team salary table,https://www.hoopshype.com/salaries/teams/portland-trail-blazers/22/,13585465,,0,0,0
1630703,2027-28,NBA contract,,,13585465,13585465,2,2026-08-02,HoopsHype public team salary table,https://www.hoopshype.com/salaries/teams/portland-trail-blazers/22/,19182676,,0,0,0
203081,2026-27,NBA contract,,,13398800,13398800,2,2026-08-02,HoopsHype public team salary table,https://www.hoopshype.com/salaries/teams/portland-trail-blazers/22/,13398800,,0,0,0
203081,2027-28,NBA contract,,,13398800,13398800,2,2026-08-02,HoopsHype public team salary table,https://www.hoopshype.com/salaries/teams/portland-trail-blazers/22/,14104000,,1,0,0
1630166,2026-27,NBA contract,,,13125000,13125000,2,2026-08-02,HoopsHype public team salary table,https://www.hoopshype.com/salaries/teams/portland-trail-blazers/22/,13125000,,0,0,0
1630166,2027-28,NBA contract,,,13125000,13125000,2,2026-08-02,HoopsHype public team salary table,https://www.hoopshype.com/salaries/teams/portland-trail-blazers/22/,11875000,,0,0,0
1642270,2026-27,NBA contract,,,7519920,7519920,3,2026-08-02,HoopsHype public team salary table,https://www.hoopshype.com/salaries/teams/portland-trail-blazers/22/,7519920,,0,0,0
1642270,2027-28,NBA contract,,,7519920,7519920,3,2026-08-02,HoopsHype public team salary table,https://www.hoopshype.com/salaries/teams/portland-trail-blazers/22/,9550298,,0,1,0
1642270,2028-29,NBA contract,,,7519920,7519920,3,2026-08-02,HoopsHype public team salary table,https://www.hoopshype.com/salaries/teams/portland-trail-blazers/22/,13761979,,0,0,0
202681,2026-27,NBA contract,,,39491282,39491282,2,2026-08-02,HoopsHype public team salary table,https://www.hoopshype.com/salaries/teams/dallas-mavericks/6/,39491282,,0,0,0
202681,2027-28,NBA contract,,,39491282,39491282,2,2026-08-02,HoopsHype public team salary table,https://www.hoopshype.com/salaries/teams/dallas-mavericks/6/,42416562,,1,0,0
202691,2026-27,NBA contract,,,17460317,17460317,1,2026-08-02,HoopsHype public team salary table,https://www.hoopshype.com/salaries/teams/dallas-mavericks/6/,17460317,,0,0,0
1629655,2026-27,NBA contract,,,17263584,17263584,3,2026-08-02,HoopsHype public team salary table,https://www.hoopshype.com/salaries/teams/dallas-mavericks/6/,17263584,,0,0,0
1629655,2027-28,NBA contract,,,17263584,17263584,3,2026-08-02,HoopsHype public team salary table,https://www.hoopshype.com/salaries/teams/dallas-mavericks/6/,18126763,,0,0,0
1629655,2028-29,NBA contract,,,17263584,17263584,3,2026-08-02,HoopsHype public team salary table,https://www.hoopshype.com/salaries/teams/dallas-mavericks/6/,18989942,,0,0,0
1628997,2026-27,NBA contract,,,10001494,10001494,2,2026-08-02,HoopsHype public team salary table,https://www.hoopshype.com/salaries/teams/dallas-mavericks/6/,10001494,,0,0,0
1628997,2027-28,NBA contract,,,10001494,10001494,2,2026-08-02,HoopsHype public team salary table,https://www.hoopshype.com/salaries/teams/dallas-mavericks/6/,9731351,,1,0,0
1630230,2026-27,NBA contract,,,9428571,9428571,4,2026-08-02,HoopsHype public team salary table,https://www.hoopshype.com/salaries/teams/dallas-mavericks/6/,9428571,,0,0,0
1630230,2027-28,NBA contract,,,9428571,9428571,4,2026-08-02,HoopsHype public team salary table,https://www.hoopshype.com/salaries/teams/dallas-mavericks/6/,16008000,,0,0,0
1630230,2028-29,NBA contract,,,9428571,9428571,4,2026-08-02,HoopsHype public team salary table,https://www.hoopshype.com/salaries/teams/dallas-mavericks/6/,17400000,,0,0,0
1630230,2029-30,NBA contract,,,9428571,9428571,4,2026-08-02,HoopsHype public team salary table,https://www.hoopshype.com/salaries/teams/dallas-mavericks/6/,18792000,,0,0,0
1631108,2026-27,NBA contract,,,8285714,8285714,2,2026-08-02,HoopsHype public team salary table,https://www.hoopshype.com/salaries/teams/dallas-mavericks/6/,8285714,,0,0,0
1631108,2027-28,NBA contract,,,8285714,8285714,2,2026-08-02,HoopsHype public team salary table,https://www.hoopshype.com/salaries/teams/dallas-mavericks/6/,8857143,,1,0,0
1629639,2026-27,NBA contract,,,33000000,33000000,1,2026-08-02,HoopsHype public team salary table,https://www.hoopshype.com/salaries/teams/milwaukee-bucks/15/,33000000,,0,0,0
1626167,2026-27,NBA contract,,,26584164,26584164,3,2026-08-02,HoopsHype public team salary table,https://www.hoopshype.com/salaries/teams/milwaukee-bucks/15/,26584164,,0,0,0
1626167,2027-28,NBA contract,,,26584164,26584164,3,2026-08-02,HoopsHype public team salary table,https://www.hoopshype.com/salaries/teams/milwaukee-bucks/15/,27850077,,0,0,0
1626167,2028-29,NBA contract,,,26584164,26584164,3,2026-08-02,HoopsHype public team salary table,https://www.hoopshype.com/salaries/teams/milwaukee-bucks/15/,29115990,,1,0,0
203081,2026-27,NBA contract,,,22516603,22516603,4,2026-08-02,HoopsHype public team salary table,https://www.hoopshype.com/salaries/teams/milwaukee-bucks/15/,22516603,,0,0,0
203081,2027-28,NBA contract,,,22516603,22516603,4,2026-08-02,HoopsHype public team salary table,https://www.hoopshype.com/salaries/teams/milwaukee-bucks/15/,22516603,,0,0,0
203081,2028-29,NBA contract,,,22516603,22516603,4,2026-08-02,HoopsHype public team salary table,https://www.hoopshype.com/salaries/teams/milwaukee-bucks/15/,22516603,,0,0,0
203081,2029-30,NBA contract,,,22516603,22516603,4,2026-08-02,HoopsHype public team salary table,https://www.hoopshype.com/salaries/teams/milwaukee-bucks/15/,22516603,,0,0,0
1628398,2026-27,NBA contract,,,20490152,20490152,1,2026-08-02,HoopsHype public team salary table,https://www.hoopshype.com/salaries/teams/milwaukee-bucks/15/,20490152,,0,0,0
1627747,2026-27,NBA contract,,,14809200,14809200,1,2026-08-02,HoopsHype public team salary table,https://www.hoopshype.com/salaries/teams/milwaukee-bucks/15/,14809200,,0,0,0
1631260,2026-27,NBA contract,,,10044644,10044644,4,2026-08-02,HoopsHype public team salary table,https://www.hoopshype.com/salaries/teams/milwaukee-bucks/15/,10044644,,0,0,0
1631260,2027-28,NBA contract,,,10044644,10044644,4,2026-08-02,HoopsHype public team salary table,https://www.hoopshype.com/salaries/teams/milwaukee-bucks/15/,10848215,,0,0,0
1631260,2028-29,NBA contract,,,10044644,10044644,4,2026-08-02,HoopsHype public team salary table,https://www.hoopshype.com/salaries/teams/milwaukee-bucks/15/,11651786,,0,0,0
1631260,2029-30,NBA contract,,,10044644,10044644,4,2026-08-02,HoopsHype public team salary table,https://www.hoopshype.com/salaries/teams/milwaukee-bucks/15/,12455355,,0,0,0
1631172,2026-27,NBA contract,,,5750000,5750000,3,2026-08-02,HoopsHype public team salary table,https://www.hoopshype.com/salaries/teams/milwaukee-bucks/15/,5750000,,0,0,0
1631172,2027-28,NBA contract,,,5750000,5750000,3,2026-08-02,HoopsHype public team salary table,https://www.hoopshype.com/salaries/teams/milwaukee-bucks/15/,5750000,,0,0,0
1631172,2028-29,NBA contract,,,5750000,5750000,3,2026-08-02,HoopsHype public team salary table,https://www.hoopshype.com/salaries/teams/milwaukee-bucks/15/,5750000,,0,1,0
1628378,2026-27,NBA contract,,,50105628,50105628,4,2026-08-02,HoopsHype public team salary table,https://www.hoopshype.com/salaries/teams/cleveland-cavaliers/5/,50105628,,0,0,0
1628378,2027-28,NBA contract,,,50105628,50105628,4,2026-08-02,HoopsHype public team salary table,https://www.hoopshype.com/salaries/teams/cleveland-cavaliers/5/,60900000,,0,0,0
1628378,2028-29,NBA contract,,,50105628,50105628,4,2026-08-02,HoopsHype public team salary table,https://www.hoopshype.com/salaries/teams/cleveland-cavaliers/5/,65772000,,0,0,0
1628378,2029-30,NBA contract,,,50105628,50105628,4,2026-08-02,HoopsHype public team salary table,https://www.hoopshype.com/salaries/teams/cleveland-cavaliers/5/,70644000,,0,0,0
1630596,2026-27,NBA contract,,,50105628,50105628,4,2026-08-02,HoopsHype public team salary table,https://www.hoopshype.com/salaries/teams/cleveland-cavaliers/5/,50105628,,0,0,0
1630596,2027-28,NBA contract,,,50105628,50105628,4,2026-08-02,HoopsHype public team salary table,https://www.hoopshype.com/salaries/teams/cleveland-cavaliers/5/,53817156,,0,0,0
1630596,2028-29,NBA contract,,,50105628,50105628,4,2026-08-02,HoopsHype public team salary table,https://www.hoopshype.com/salaries/teams/cleveland-cavaliers/5/,57528684,,0,0,0
1630596,2029-30,NBA contract,,,50105628,50105628,4,2026-08-02,HoopsHype public team salary table,https://www.hoopshype.com/salaries/teams/cleveland-cavaliers/5/,61240212,,0,0,0
1628386,2026-27,NBA contract,,,28000000,28000000,3,2026-08-02,HoopsHype public team salary table,https://www.hoopshype.com/salaries/teams/cleveland-cavaliers/5/,28000000,,0,0,0
1628386,2027-28,NBA contract,,,28000000,28000000,3,2026-08-02,HoopsHype public team salary table,https://www.hoopshype.com/salaries/teams/cleveland-cavaliers/5/,30240000,,0,0,0
1628386,2028-29,NBA contract,,,28000000,28000000,3,2026-08-02,HoopsHype public team salary table,https://www.hoopshype.com/salaries/teams/cleveland-cavaliers/5/,32480000,,0,0,0
1629622,2026-27,NBA contract,,,16660836,16660836,1,2026-08-02,HoopsHype public team salary table,https://www.hoopshype.com/salaries/teams/cleveland-cavaliers/5/,16660836,,0,0,0
1630241,2026-27,NBA contract,,,9160715,9160715,3,2026-08-02,HoopsHype public team salary table,https://www.hoopshype.com/salaries/teams/cleveland-cavaliers/5/,9160715,,0,0,0
1630241,2027-28,NBA contract,,,9160715,9160715,3,2026-08-02,HoopsHype public team salary table,https://www.hoopshype.com/salaries/teams/cleveland-cavaliers/5/,9839285,,0,0,0
1630241,2028-29,NBA contract,,,9160715,9160715,3,2026-08-02,HoopsHype public team salary table,https://www.hoopshype.com/salaries/teams/cleveland-cavaliers/5/,10517856,,0,0,0
1642281,2026-27,NBA contract,,,3658560,3658560,3,2026-08-02,HoopsHype public team salary table,https://www.hoopshype.com/salaries/teams/cleveland-cavaliers/5/,3658560,,0,0,0
1642281,2027-28,NBA contract,,,3658560,3658560,3,2026-08-02,HoopsHype public team salary table,https://www.hoopshype.com/salaries/teams/cleveland-cavaliers/5/,5641500,,0,1,0
1642281,2028-29,NBA contract,,,3658560,3658560,3,2026-08-02,HoopsHype public team salary table,https://www.hoopshype.com/salaries/teams/cleveland-cavaliers/5/,8648419,,0,0,0
1628418,2026-27,NBA contract,,,3524115,3524115,1,2026-08-02,HoopsHype public team salary table,https://www.hoopshype.com/salaries/teams/cleveland-cavaliers/5/,3524115,,0,0,0
1641772,2026-27,NBA contract,,,2411090,2411090,1,2026-08-02,HoopsHype public team salary table,https://www.hoopshype.com/salaries/teams/cleveland-cavaliers/5/,2411090,,0,1,0
203076,2026-27,NBA contract,,,58456566,58456566,2,2026-08-02,HoopsHype public team salary table,https://www.hoopshype.com/salaries/teams/washington-wizards/27/,58456566,,0,0,0
203076,2027-28,NBA contract,,,58456566,58456566,2,2026-08-02,HoopsHype public team salary table,https://www.hoopshype.com/salaries/teams/washington-wizards/27/,62786682,,1,0,0
1629027,2026-27,NBA contract,,,49488300,49488300,4,2026-08-02,HoopsHype public team salary table,https://www.hoopshype.com/salaries/teams/washington-wizards/27/,49488300,,0,0,0
1629027,2027-28,NBA contract,,,49488300,49488300,4,2026-08-02,HoopsHype public team salary table,https://www.hoopshype.com/salaries/teams/washington-wizards/27/,50478066,,0,0,0
1629027,2028-29,NBA contract,,,49488300,49488300,4,2026-08-02,HoopsHype public team salary table,https://www.hoopshype.com/salaries/teams/washington-wizards/27/,54437130,,0,0,0
1629027,2029-30,NBA contract,,,49488300,49488300,4,2026-08-02,HoopsHype public team salary table,https://www.hoopshype.com/salaries/teams/washington-wizards/27/,58396194,,1,0,0
1642259,2026-27,NBA contract,,,12370680,12370680,3,2026-08-02,HoopsHype public team salary table,https://www.hoopshype.com/salaries/teams/washington-wizards/27/,12370680,,0,0,0
1642259,2027-28,NBA contract,,,12370680,12370680,3,2026-08-02,HoopsHype public team salary table,https://www.hoopshype.com/salaries/teams/washington-wizards/27/,15611798,,0,1,0
1642259,2028-29,NBA contract,,,12370680,12370680,3,2026-08-02,HoopsHype public team salary table,https://www.hoopshype.com/salaries/teams/washington-wizards/27/,21934576,,0,0,0
1641731,2026-27,NBA contract,,,9240116,9240116,2,2026-08-02,HoopsHype public team salary table,https://www.hoopshype.com/salaries/teams/washington-wizards/27/,9240116,,0,0,0
1641731,2027-28,NBA contract,,,9240116,9240116,2,2026-08-02,HoopsHype public team salary table,https://www.hoopshype.com/salaries/teams/washington-wizards/27/,13315007,,0,0,0
1629028,2026-27,NBA contract,,,8104000,8104000,1,2026-08-02,HoopsHype public team salary table,https://www.hoopshype.com/salaries/teams/washington-wizards/27/,8104000,,0,0,0
203114,2026-27,NBA contract,,,5591122,5591122,3,2026-08-02,HoopsHype public team salary table,https://www.hoopshype.com/salaries/teams/washington-wizards/27/,5591122,,0,0,0
203114,2027-28,NBA contract,,,5591122,5591122,3,2026-08-02,HoopsHype public team salary table,https://www.hoopshype.com/salaries/teams/washington-wizards/27/,5870678,,0,0,0
203114,2028-29,NBA contract,,,5591122,5591122,3,2026-08-02,HoopsHype public team salary table,https://www.hoopshype.com/salaries/teams/washington-wizards/27/,6150234,,0,0,0
1628374,2026-27,NBA contract,,,46113154,46113154,3,2026-08-02,HoopsHype public team salary table,https://www.hoopshype.com/salaries/teams/utah-jazz/26/,46113154,,0,0,0
1628374,2027-28,NBA contract,,,46113154,46113154,3,2026-08-02,HoopsHype public team salary table,https://www.hoopshype.com/salaries/teams/utah-jazz/26/,49824681,,0,0,0
1628374,2028-29,NBA contract,,,46113154,46113154,3,2026-08-02,HoopsHype public team salary table,https://www.hoopshype.com/salaries/teams/utah-jazz/26/,53536209,,0,0,0
1641718,2026-27,NBA contract,,,6563608,6563608,2,2026-08-02,HoopsHype public team salary table,https://www.hoopshype.com/salaries/teams/utah-jazz/26/,6563608,,0,0,0
1641718,2027-28,NBA contract,,,6563608,6563608,2,2026-08-02,HoopsHype public team salary table,https://www.hoopshype.com/salaries/teams/utah-jazz/26/,9878230,,0,0,0
1629723,2026-27,NBA contract,,,6165000,6165000,1,2026-08-02,HoopsHype public team salary table,https://www.hoopshype.com/salaries/teams/utah-jazz/26/,6165000,,0,0,0
1642262,2026-27,NBA contract,,,6015600,6015600,3,2026-08-02,HoopsHype public team salary table,https://www.hoopshype.com/salaries/teams/utah-jazz/26/,6015600,,0,0,0
1642262,2027-28,NBA contract,,,6015600,6015600,3,2026-08-02,HoopsHype public team salary table,https://www.hoopshype.com/salaries/teams/utah-jazz/26/,7669890,,0,1,0
1642262,2028-29,NBA contract,,,6015600,6015600,3,2026-08-02,HoopsHype public team salary table,https://www.hoopshype.com/salaries/teams/utah-jazz/26/,11213379,,0,0,0
1629006,2026-27,NBA contract,,,6000000,6000000,2,2026-08-02,HoopsHype public team salary table,https://www.hoopshype.com/salaries/teams/utah-jazz/26/,6000000,,0,0,0
1629006,2027-28,NBA contract,,,6000000,6000000,2,2026-08-02,HoopsHype public team salary table,https://www.hoopshype.com/salaries/teams/utah-jazz/26/,6000000,,0,1,0
1629637,2026-27,NBA contract,,,6000000,6000000,2,2026-08-02,HoopsHype public team salary table,https://www.hoopshype.com/salaries/teams/utah-jazz/26/,6000000,,0,0,0
1629637,2027-28,NBA contract,,,6000000,6000000,2,2026-08-02,HoopsHype public team salary table,https://www.hoopshype.com/salaries/teams/utah-jazz/26/,6000000,,0,1,0
1629632,2026-27,NBA contract,,,26811593,26811593,3,2026-08-02,HoopsHype public team salary table,https://www.hoopshype.com/salaries/teams/charlotte-hornets/5312/,26811593,,0,0,0
1629632,2027-28,NBA contract,,,26811593,26811593,3,2026-08-02,HoopsHype public team salary table,https://www.hoopshype.com/salaries/teams/charlotte-hornets/5312/,24666667,,0,0,0
1629632,2028-29,NBA contract,,,26811593,26811593,3,2026-08-02,HoopsHype public team salary table,https://www.hoopshype.com/salaries/teams/charlotte-hornets/5312/,22521740,,0,0,0
1629675,2026-27,NBA contract,,,23275862,23275862,4,2026-08-02,HoopsHype public team salary table,https://www.hoopshype.com/salaries/teams/charlotte-hornets/5312/,23275862,,0,0,0
1629675,2027-28,NBA contract,,,23275862,23275862,4,2026-08-02,HoopsHype public team salary table,https://www.hoopshype.com/salaries/teams/charlotte-hornets/5312/,25000000,,0,0,0
1629675,2028-29,NBA contract,,,23275862,23275862,4,2026-08-02,HoopsHype public team salary table,https://www.hoopshype.com/salaries/teams/charlotte-hornets/5312/,26724138,,0,0,0
1629675,2029-30,NBA contract,,,23275862,23275862,4,2026-08-02,HoopsHype public team salary table,https://www.hoopshype.com/salaries/teams/charlotte-hornets/5312/,28448276,,1,0,0
1628960,2026-27,NBA contract,,,18125000,18125000,2,2026-08-02,HoopsHype public team salary table,https://www.hoopshype.com/salaries/teams/charlotte-hornets/5312/,18125000,,0,0,0
1628960,2027-28,NBA contract,,,18125000,18125000,2,2026-08-02,HoopsHype public team salary table,https://www.hoopshype.com/salaries/teams/charlotte-hornets/5312/,19375000,,1,0,0
1641706,2026-27,NBA contract,,,15104121,15104121,2,2026-08-02,HoopsHype public team salary table,https://www.hoopshype.com/salaries/teams/charlotte-hornets/5312/,15104121,,0,0,0
1641706,2027-28,NBA contract,,,15104121,15104121,2,2026-08-02,HoopsHype public team salary table,https://www.hoopshype.com/salaries/teams/charlotte-hornets/5312/,21221290,,0,0,0
1629684,2026-27,NBA contract,,,14265750,14265750,1,2026-08-02,HoopsHype public team salary table,https://www.hoopshype.com/salaries/teams/charlotte-hornets/5312/,14265750,,0,0,0
1626220,2026-27,NBA contract,,,10875000,10875000,2,2026-08-02,HoopsHype public team salary table,https://www.hoopshype.com/salaries/teams/charlotte-hornets/5312/,10875000,,0,0,0
1626220,2027-28,NBA contract,,,10875000,10875000,2,2026-08-02,HoopsHype public team salary table,https://www.hoopshype.com/salaries/teams/charlotte-hornets/5312/,11625000,,0,0,0
1630544,2026-27,NBA contract,,,8000000,8000000,2,2026-08-02,HoopsHype public team salary table,https://www.hoopshype.com/salaries/teams/charlotte-hornets/5312/,8000000,,0,0,0
1630544,2027-28,NBA contract,,,8000000,8000000,2,2026-08-02,HoopsHype public team salary table,https://www.hoopshype.com/salaries/teams/charlotte-hornets/5312/,8000000,,0,1,0
203924,2026-27,NBA contract,,,34206898,34206898,2,2026-08-02,HoopsHype public team salary table,https://www.hoopshype.com/salaries/teams/memphis-grizzlies/29/,34206898,,0,0,0
203924,2027-28,NBA contract,,,34206898,34206898,2,2026-08-02,HoopsHype public team salary table,https://www.hoopshype.com/salaries/teams/memphis-grizzlies/29/,36413790,,1,0,0
1630191,2026-27,NBA contract,,,15000000,15000000,2,2026-08-02,HoopsHype public team salary table,https://www.hoopshype.com/salaries/teams/memphis-grizzlies/29/,15000000,,0,0,0
1630191,2027-28,NBA contract,,,15000000,15000000,2,2026-08-02,HoopsHype public team salary table,https://www.hoopshype.com/salaries/teams/memphis-grizzlies/29/,15000000,,0,1,0
1629634,2026-27,NBA contract,,,12500000,12500000,1,2026-08-02,HoopsHype public team salary table,https://www.hoopshype.com/salaries/teams/memphis-grizzlies/29/,12500000,,0,0,0
1629660,2026-27,NBA contract,,,9220050,9220050,2,2026-08-02,HoopsHype public team salary table,https://www.hoopshype.com/salaries/teams/memphis-grizzlies/29/,9220050,,0,0,0
1629660,2027-28,NBA contract,,,9220050,9220050,2,2026-08-02,HoopsHype public team salary table,https://www.hoopshype.com/salaries/teams/memphis-grizzlies/29/,9659100,,1,0,0
1642366,2026-27,NBA contract,,,9000000,9000000,3,2026-08-02,HoopsHype public team salary table,https://www.hoopshype.com/salaries/teams/memphis-grizzlies/29/,9000000,,0,0,0
1642366,2027-28,NBA contract,,,9000000,9000000,3,2026-08-02,HoopsHype public team salary table,https://www.hoopshype.com/salaries/teams/memphis-grizzlies/29/,8550000,,0,0,0
1642366,2028-29,NBA contract,,,9000000,9000000,3,2026-08-02,HoopsHype public team salary table,https://www.hoopshype.com/salaries/teams/memphis-grizzlies/29/,8550000,,0,1,0
1641707,2026-27,NBA contract,,,7805900,7805900,2,2026-08-02,HoopsHype public team salary table,https://www.hoopshype.com/salaries/teams/memphis-grizzlies/29/,7805900,,0,0,0
1641707,2027-28,NBA contract,,,7805900,7805900,2,2026-08-02,HoopsHype public team salary table,https://www.hoopshype.com/salaries/teams/memphis-grizzlies/29/,11357175,,0,0,0
1641744,2026-27,NBA contract,,,6332760,6332760,3,2026-08-02,HoopsHype public team salary table,https://www.hoopshype.com/salaries/teams/memphis-grizzlies/29/,6332760,,0,0,0
1641744,2027-28,NBA contract,,,6332760,6332760,3,2026-08-02,HoopsHype public team salary table,https://www.hoopshype.com/salaries/teams/memphis-grizzlies/29/,8067936,,0,1,0
1641744,2028-29,NBA contract,,,6332760,6332760,3,2026-08-02,HoopsHype public team salary table,https://www.hoopshype.com/salaries/teams/memphis-grizzlies/29/,11738846,,0,0,0
1630581,2026-27,NBA contract,,,25000000,25000000,3,2026-08-02,HoopsHype public team salary table,https://www.hoopshype.com/salaries/teams/chicago-bulls/4/,25000000,,0,0,0
1630581,2027-28,NBA contract,,,25000000,25000000,3,2026-08-02,HoopsHype public team salary table,https://www.hoopshype.com/salaries/teams/chicago-bulls/4/,25000000,,0,0,0
1630581,2028-29,NBA contract,,,25000000,25000000,3,2026-08-02,HoopsHype public team salary table,https://www.hoopshype.com/salaries/teams/chicago-bulls/4/,25000000,,0,0,0
1626181,2026-27,NBA contract,,,21500000,21500000,2,2026-08-02,HoopsHype public team salary table,https://www.hoopshype.com/salaries/teams/chicago-bulls/4/,21500000,,0,0,0
1626181,2027-28,NBA contract,,,21500000,21500000,2,2026-08-02,HoopsHype public team salary table,https://www.hoopshype.com/salaries/teams/chicago-bulls/4/,22575000,,0,1,0
1630172,2026-27,NBA contract,,,18000000,18000000,3,2026-08-02,HoopsHype public team salary table,https://www.hoopshype.com/salaries/teams/chicago-bulls/4/,18000000,,0,0,0
1630172,2027-28,NBA contract,,,18000000,18000000,3,2026-08-02,HoopsHype public team salary table,https://www.hoopshype.com/salaries/teams/chicago-bulls/4/,18000000,,0,0,0
1630172,2028-29,NBA contract,,,18000000,18000000,3,2026-08-02,HoopsHype public team salary table,https://www.hoopshype.com/salaries/teams/chicago-bulls/4/,18000000,,1,0,0
1630171,2026-27,NBA contract,,,11814814,11814814,1,2026-08-02,HoopsHype public team salary table,https://www.hoopshype.com/salaries/teams/chicago-bulls/4/,11814814,,0,0,0
1630188,2026-27,NBA contract,,,9428571,9428571,1,2026-08-02,HoopsHype public team salary table,https://www.hoopshype.com/salaries/teams/chicago-bulls/4/,9428571,,0,0,0
1628380,2026-27,NBA contract,,,8500000,8500000,2,2026-08-02,HoopsHype public team salary table,https://www.hoopshype.com/salaries/teams/chicago-bulls/4/,8500000,,0,0,0
1628380,2027-28,NBA contract,,,8500000,8500000,2,2026-08-02,HoopsHype public team salary table,https://www.hoopshype.com/salaries/teams/chicago-bulls/4/,8500000,,0,1,0
1630200,2026-27,NBA contract,,,8000000,8000000,2,2026-08-02,HoopsHype public team salary table,https://www.hoopshype.com/salaries/teams/chicago-bulls/4/,8000000,,0,0,0
1630200,2027-28,NBA contract,,,8000000,8000000,2,2026-08-02,HoopsHype public team salary table,https://www.hoopshype.com/salaries/teams/chicago-bulls/4/,8000000,,0,1,0
1642265,2026-27,NBA contract,,,6889320,6889320,3,2026-08-02,HoopsHype public team salary table,https://www.hoopshype.com/salaries/teams/chicago-bulls/4/,6889320,,0,0,0
1642265,2027-28,NBA contract,,,6889320,6889320,3,2026-08-02,HoopsHype public team salary table,https://www.hoopshype.com/salaries/teams/chicago-bulls/4/,8763215,,0,1,0
1642265,2028-29,NBA contract,,,6889320,6889320,3,2026-08-02,HoopsHype public team salary table,https://www.hoopshype.com/salaries/teams/chicago-bulls/4/,12689135,,0,0,0
203944,2026-27,NBA contract,,,33333334,33333334,2,2026-08-02,HoopsHype public team salary table,https://www.hoopshype.com/salaries/teams/brooklyn-nets/17/,33333334,,0,0,0
203944,2027-28,NBA contract,,,33333334,33333334,2,2026-08-02,HoopsHype public team salary table,https://www.hoopshype.com/salaries/teams/brooklyn-nets/17/,35802468,,1,0,0
1629611,2026-27,NBA contract,,,15500000,15500000,2,2026-08-02,HoopsHype public team salary table,https://www.hoopshype.com/salaries/teams/brooklyn-nets/17/,15500000,,0,0,0
1629611,2027-28,NBA contract,,,15500000,15500000,2,2026-08-02,HoopsHype public team salary table,https://www.hoopshype.com/salaries/teams/brooklyn-nets/17/,16000000,,0,0,0
1630549,2026-27,NBA contract,,,10000000,10000000,2,2026-08-02,HoopsHype public team salary table,https://www.hoopshype.com/salaries/teams/brooklyn-nets/17/,10000000,,0,0,0
1630549,2027-28,NBA contract,,,10000000,10000000,2,2026-08-02,HoopsHype public team salary table,https://www.hoopshype.com/salaries/teams/brooklyn-nets/17/,10000000,,0,1,0
1629021,2026-27,NBA contract,,,9500000,9500000,2,2026-08-02,HoopsHype public team salary table,https://www.hoopshype.com/salaries/teams/brooklyn-nets/17/,9500000,,0,0,0
1629021,2027-28,NBA contract,,,9500000,9500000,2,2026-08-02,HoopsHype public team salary table,https://www.hoopshype.com/salaries/teams/brooklyn-nets/17/,9500000,,0,1,0
1631165,2026-27,NBA contract,,,9000000,9000000,2,2026-08-02,HoopsHype public team salary table,https://www.hoopshype.com/salaries/teams/brooklyn-nets/17/,9000000,,0,0,0
1631165,2027-28,NBA contract,,,9000000,9000000,2,2026-08-02,HoopsHype public team salary table,https://www.hoopshype.com/salaries/teams/brooklyn-nets/17/,9000000,,0,1,0
1641730,2026-27,NBA contract,,,5413661,5413661,2,2026-08-02,HoopsHype public team salary table,https://www.hoopshype.com/salaries/teams/brooklyn-nets/17/,5413661,,0,0,0
1641730,2027-28,NBA contract,,,5413661,5413661,2,2026-08-02,HoopsHype public team salary table,https://www.hoopshype.com/salaries/teams/brooklyn-nets/17/,8342451,,0,0,0
1631169,2026-27,NBA contract,,,4500000,4500000,2,2026-08-02,HoopsHype public team salary table,https://www.hoopshype.com/salaries/teams/brooklyn-nets/17/,4500000,,0,0,0
1631169,2027-28,NBA contract,,,4500000,4500000,2,2026-08-02,HoopsHype public team salary table,https://www.hoopshype.com/salaries/teams/brooklyn-nets/17/,4500000,,0,1,0
1629636,2026-27,NBA contract,,,42166510,42166510,2,2026-08-02,HoopsHype public team salary table,https://www.hoopshype.com/salaries/teams/los-angeles-clippers/12/,42166510,,0,0,0
1629636,2027-28,NBA contract,,,42166510,42166510,2,2026-08-02,HoopsHype public team salary table,https://www.hoopshype.com/salaries/teams/los-angeles-clippers/12/,44886930,,0,0,0
1627742,2026-27,NBA contract,,,40000000,40000000,2,2026-08-02,HoopsHype public team salary table,https://www.hoopshype.com/salaries/teams/los-angeles-clippers/12/,40000000,,0,0,0
1627742,2027-28,NBA contract,,,40000000,40000000,2,2026-08-02,HoopsHype public team salary table,https://www.hoopshype.com/salaries/teams/los-angeles-clippers/12/,41904762,,1,0,0
1629060,2026-27,NBA contract,,,14000000,14000000,2,2026-08-02,HoopsHype public team salary table,https://www.hoopshype.com/salaries/teams/los-angeles-clippers/12/,14000000,,0,0,0
1629060,2027-28,NBA contract,,,14000000,14000000,2,2026-08-02,HoopsHype public team salary table,https://www.hoopshype.com/salaries/teams/los-angeles-clippers/12/,14000000,,0,1,0
201572,2026-27,NBA contract,,,9187500,9187500,1,2026-08-02,HoopsHype public team salary table,https://www.hoopshype.com/salaries/teams/los-angeles-clippers/12/,9187500,,0,0,0
1641711,2026-27,NBA contract,,,7131251,7131251,2,2026-08-02,HoopsHype public team salary table,https://www.hoopshype.com/salaries/teams/los-angeles-clippers/12/,7131251,,0,0,0
1641711,2027-28,NBA contract,,,7131251,7131251,2,2026-08-02,HoopsHype public team salary table,https://www.hoopshype.com/salaries/teams/los-angeles-clippers/12/,10575645,,0,0,0
1630543,2026-27,NBA contract,,,7000000,7000000,2,2026-08-02,HoopsHype public team salary table,https://www.hoopshype.com/salaries/teams/los-angeles-clippers/12/,7000000,,0,0,0
1630543,2027-28,NBA contract,,,7000000,7000000,2,2026-08-02,HoopsHype public team salary table,https://www.hoopshype.com/salaries/teams/los-angeles-clippers/12/,6400000,,0,0,0
1627739,2026-27,NBA contract,,,5684800,5684800,1,2026-08-02,HoopsHype public team salary table,https://www.hoopshype.com/salaries/teams/los-angeles-clippers/12/,5684800,,0,1,0
1641757,2026-27,NBA contract,,,5300000,5300000,3,2026-08-02,HoopsHype public team salary table,https://www.hoopshype.com/salaries/teams/los-angeles-clippers/12/,5300000,,0,0,0
1641757,2027-28,NBA contract,,,5300000,5300000,3,2026-08-02,HoopsHype public team salary table,https://www.hoopshype.com/salaries/teams/los-angeles-clippers/12/,5000000,,0,0,0
1641757,2028-29,NBA contract,,,5300000,5300000,3,2026-08-02,HoopsHype public team salary table,https://www.hoopshype.com/salaries/teams/los-angeles-clippers/12/,5000000,,0,1,0
1630595,2026-27,NBA contract,,,50105628,50105628,4,2026-08-02,HoopsHype public team salary table,https://www.hoopshype.com/salaries/teams/detroit-pistons/8/,50105628,,0,0,0
1630595,2027-28,NBA contract,,,50105628,50105628,4,2026-08-02,HoopsHype public team salary table,https://www.hoopshype.com/salaries/teams/detroit-pistons/8/,53817156,,0,0,0
1630595,2028-29,NBA contract,,,50105628,50105628,4,2026-08-02,HoopsHype public team salary table,https://www.hoopshype.com/salaries/teams/detroit-pistons/8/,57528684,,0,0,0
1630595,2029-30,NBA contract,,,50105628,50105628,4,2026-08-02,HoopsHype public team salary table,https://www.hoopshype.com/salaries/teams/detroit-pistons/8/,61240212,,0,0,0
1628381,2026-27,NBA contract,,,17000000,17000000,3,2026-08-02,HoopsHype public team salary table,https://www.hoopshype.com/salaries/teams/detroit-pistons/8/,17000000,,0,0,0
1628381,2027-28,NBA contract,,,17000000,17000000,3,2026-08-02,HoopsHype public team salary table,https://www.hoopshype.com/salaries/teams/detroit-pistons/8/,17000000,,0,0,0
1628381,2028-29,NBA contract,,,17000000,17000000,3,2026-08-02,HoopsHype public team salary table,https://www.hoopshype.com/salaries/teams/detroit-pistons/8/,17000000,,0,0,0
1629130,2026-27,NBA contract,,,15992957,15992957,2,2026-08-02,HoopsHype public team salary table,https://www.hoopshype.com/salaries/teams/detroit-pistons/8/,15992957,,0,0,0
1629130,2027-28,NBA contract,,,15992957,15992957,2,2026-08-02,HoopsHype public team salary table,https://www.hoopshype.com/salaries/teams/detroit-pistons/8/,15151222,,0,0,0
1630198,2026-27,NBA contract,,,11323006,11323006,2,2026-08-02,HoopsHype public team salary table,https://www.hoopshype.com/salaries/teams/detroit-pistons/8/,11323006,,0,0,0
1630198,2027-28,NBA contract,,,11323006,11323006,2,2026-08-02,HoopsHype public team salary table,https://www.hoopshype.com/salaries/teams/detroit-pistons/8/,11323006,,0,1,0
1641709,2026-27,NBA contract,,,11118130,11118130,2,2026-08-02,HoopsHype public team salary table,https://www.hoopshype.com/salaries/teams/detroit-pistons/8/,11118130,,0,1,0
1641709,2027-28,NBA contract,,,11118130,11118130,2,2026-08-02,HoopsHype public team salary table,https://www.hoopshype.com/salaries/teams/detroit-pistons/8/,15854453,,0,0,0
1628989,2026-27,NBA contract,,,9507042,9507042,3,2026-08-02,HoopsHype public team salary table,https://www.hoopshype.com/salaries/teams/detroit-pistons/8/,9507042,,0,0,0
1628989,2027-28,NBA contract,,,9507042,9507042,3,2026-08-02,HoopsHype public team salary table,https://www.hoopshype.com/salaries/teams/detroit-pistons/8/,8746479,,0,0,0
1628989,2028-29,NBA contract,,,9507042,9507042,3,2026-08-02,HoopsHype public team salary table,https://www.hoopshype.com/salaries/teams/detroit-pistons/8/,8746479,,0,1,0
1630194,2026-27,NBA contract,,,5602689,5602689,1,2026-08-02,HoopsHype public team salary table,https://www.hoopshype.com/salaries/teams/detroit-pistons/8/,5602689,,0,0,0
1642450,2026-27,NBA contract,,,4000000,4000000,1,2026-08-02,HoopsHype public team salary table,https://www.hoopshype.com/salaries/teams/detroit-pistons/8/,4000000,,0,0,0
